{
  "questions": [
    {
      "question": "What is the first step to executing a backflip?",
      "options": [
        "Jump high",
        "Tuck your knees",
        "Look back",
        "Land softly"
      ],
      "answer": "Jump high"
    },
    {
      "question": "What should you avoid doing during the flip?",
      "options": [
        "Look back",
        "Tighten your body",
        "Look down",
        "Jump higher"
      ],
      "answer": "Look down"
    },
    {
      "question": "Why is it important to practice your landing?",
      "options": [
        "To impress others",
        "To prevent injuries",
        "To gain more height",
        "To flip faster"
      ],
      "answer": "To prevent injuries"
    }
  ]
}