{
  "questions": [
    {
      "question": "What is the first step in sincere repentance?",
      "options": [
        "Feeling remorse",
        "Making a firm intention",
        "Ceasing sinful behavior",
        "Forgiving others"
      ],
      "answer": "A"
    },
    {
      "question": "What is the meaning of Tawbah?",
      "options": [
        "Good deeds",
        "Forgiveness",
        "Repentance",
        "Prayer"
      ],
      "answer": "C"
    },
    {
      "question": "Which of the following is considered a good deed?",
      "options": [
        "Ignoring the needy",
        "Helping a neighbor",
        "Gossiping",
        "Committing sins"
      ],
      "answer": "B"
    }
  ]
}