{
  "course_title": "Unlocking Y Combinator: Your Startup's Path to Success",
  "course_description": "This micro course equips startups with the essential strategies to craft a compelling application for Y Combinator, maximizing their chances of acceptance.",
  "lessons": [
    {
      "lesson_title": "Understanding Y Combinator's Selection Criteria",
      "videos": [
        {
          "title": "What Y Combinator Looks For",
          "script_file": "C:\\Users\\Imran A\\Documents\\coursia-final-mvp-design-1\\generated\\d56b366b-a1ea-4736-b52b-9373f506a219\\lesson_1\\script_l1_v1.txt",
          "script_content": "Welcome to 'What Y Combinator Looks For.' In this video, we will explore the key selection criteria that Y Combinator, one of the most prestigious startup accelerators, uses to evaluate applicants. First, Y Combinator prioritizes the founding team. They look for passionate, resilient, and capable individuals who can execute the vision. Next, the idea matters, but it's not everything. Y Combinator prefers teams that can pivot and adapt their ideas based on feedback. Market potential is also crucial; they want to see that your startup addresses a substantial problem in a growing market. Lastly, traction is important—evidence of early customer interest or revenue can set your application apart. Remember, it's not just about having a great idea; it's about having the right team and the ability to execute. Let's move on to the next video where we'll discuss navigating the selection process effectively."
        },
        {
          "title": "Navigating the Selection Process",
          "script_file": "C:\\Users\\Imran A\\Documents\\coursia-final-mvp-design-1\\generated\\d56b366b-a1ea-4736-b52b-9373f506a219\\lesson_1\\script_l1_v2.txt",
          "script_content": "Welcome to 'Navigating the Selection Process.' In this video, we will guide you through the steps of applying to Y Combinator. Start by crafting a compelling application that highlights your team's strengths and your startup's potential. Be concise and clear—Y Combinator reviews thousands of applications, so make yours stand out. Next, prepare for the interview. Practice answering common questions and be ready to discuss your business model, market strategy, and team dynamics. During the interview, be genuine; Y Combinator is looking for authenticity. Finally, if accepted, be prepared to engage fully in the program, leveraging mentorship and resources to accelerate your startup's growth. Thank you for watching, and good luck with your application!"
        }
      ],
      "quiz_file": "C:\\Users\\Imran A\\Documents\\coursia-final-mvp-design-1\\generated\\d56b366b-a1ea-4736-b52b-9373f506a219\\lesson_1\\quiz.json",
      "workbook_file": "C:\\Users\\Imran A\\Documents\\coursia-final-mvp-design-1\\generated\\d56b366b-a1ea-4736-b52b-9373f506a219\\lesson_1\\workbook.txt"
    },
    {
      "lesson_title": "Crafting Your Unique Value Proposition",
      "videos": [
        {
          "title": "Defining Your Startup's Mission",
          "script_file": "C:\\Users\\Imran A\\Documents\\coursia-final-mvp-design-1\\generated\\d56b366b-a1ea-4736-b52b-9373f506a219\\lesson_2\\script_l2_v1.txt",
          "script_content": "Welcome to our lesson on Crafting Your Unique Value Proposition. In this video, we will define your startup's mission. Start by asking yourself: What problem does your startup solve? Consider your target audience and their pain points. Your mission should reflect not just what you do, but why you do it. Next, think about your core values. These are the principles that guide your decisions and actions. Write down three key values that resonate with your mission. Finally, articulate your mission statement. It should be clear, concise, and inspire both you and your team. Remember, a strong mission statement is the foundation of your unique value proposition. Let's move on to how to effectively communicate this value."
        },
        {
          "title": "Communicating Value Effectively",
          "script_file": "C:\\Users\\Imran A\\Documents\\coursia-final-mvp-design-1\\generated\\d56b366b-a1ea-4736-b52b-9373f506a219\\lesson_2\\script_l2_v2.txt",
          "script_content": "In this video, we will focus on communicating value effectively. Start by identifying your target audience. Who are they, and what do they need? Tailor your messaging to speak directly to them. Use clear and simple language that highlights the benefits of your offering. Avoid jargon that may confuse your audience. Next, create compelling narratives around your mission. Share stories that illustrate how your startup makes a difference. Finally, ensure your value proposition is visible across all platforms—your website, social media, and marketing materials. Consistency is key to building trust. By the end of this lesson, you will have the tools to craft and communicate a unique value proposition that resonates with your audience."
        }
      ],
      "quiz_file": "C:\\Users\\Imran A\\Documents\\coursia-final-mvp-design-1\\generated\\d56b366b-a1ea-4736-b52b-9373f506a219\\lesson_2\\quiz.json",
      "workbook_file": "C:\\Users\\Imran A\\Documents\\coursia-final-mvp-design-1\\generated\\d56b366b-a1ea-4736-b52b-9373f506a219\\lesson_2\\workbook.txt"
    },
    {
      "lesson_title": "Building a Compelling Team Narrative",
      "videos": [
        {
          "title": "Showcasing Your Founding Team",
          "script_file": "C:\\Users\\Imran A\\Documents\\coursia-final-mvp-design-1\\generated\\d56b366b-a1ea-4736-b52b-9373f506a219\\lesson_3\\script_l3_v1.txt",
          "script_content": "Welcome to our lesson on Building a Compelling Team Narrative. In this first video, we will focus on showcasing your founding team. Start by introducing each member with their name and role within the company. Highlight their unique skills and how these contribute to the overall vision. Discuss any previous successful ventures or relevant experiences that enhance credibility. Use storytelling techniques to link personal anecdotes that illustrate their passion and commitment. Conclude by emphasizing the synergy of the team and how it positions your company for success."
        },
        {
          "title": "Highlighting Relevant Experience",
          "script_file": "C:\\Users\\Imran A\\Documents\\coursia-final-mvp-design-1\\generated\\d56b366b-a1ea-4736-b52b-9373f506a219\\lesson_3\\script_l3_v2.txt",
          "script_content": "In this second video, we will highlight relevant experience. Begin by outlining the industry experience of your team members. Discuss specific projects they have worked on that relate directly to your current venture. Share metrics or outcomes from these experiences to demonstrate success. Include testimonials or quotes from colleagues or clients that speak to their capabilities. Remember to connect this experience back to the narrative of your team's journey and how it informs your current mission. Finish by reiterating how this experience sets your team apart in the marketplace."
        }
      ],
      "quiz_file": "C:\\Users\\Imran A\\Documents\\coursia-final-mvp-design-1\\generated\\d56b366b-a1ea-4736-b52b-9373f506a219\\lesson_3\\quiz.json",
      "workbook_file": "C:\\Users\\Imran A\\Documents\\coursia-final-mvp-design-1\\generated\\d56b366b-a1ea-4736-b52b-9373f506a219\\lesson_3\\workbook.txt"
    },
    {
      "lesson_title": "Perfecting Your Application: Tips and Tricks",
      "videos": [
        {
          "title": "Common Mistakes to Avoid",
          "script_file": "C:\\Users\\Imran A\\Documents\\coursia-final-mvp-design-1\\generated\\d56b366b-a1ea-4736-b52b-9373f506a219\\lesson_4\\script_l4_v1.txt",
          "script_content": "Welcome to 'Perfecting Your Application: Tips and Tricks.' In this video, we'll discuss common mistakes applicants make and how to avoid them. First, let's talk about clarity. Ensure your application is clear and concise. Avoid jargon and overly complex language. Next, check your grammar and spelling. These errors can undermine your professionalism. Another common mistake is not tailoring your application. Make sure to customize your application for each opportunity to reflect how your skills and experiences align. Lastly, don't forget to follow the instructions carefully. Missing documents or incorrect formatting can lead to automatic disqualification. Stay tuned for our next video, where we’ll discuss how to finalize your application for maximum impact."
        },
        {
          "title": "Finalizing Your Application for Impact",
          "script_file": "C:\\Users\\Imran A\\Documents\\coursia-final-mvp-design-1\\generated\\d56b366b-a1ea-4736-b52b-9373f506a219\\lesson_4\\script_l4_v2.txt",
          "script_content": "In this video, we’ll cover how to finalize your application for impact. First, review your entire application. Take a break and come back to it with fresh eyes. This will help you catch any mistakes or areas for improvement. Next, consider asking a trusted friend or mentor to review your application. They can offer valuable feedback and catch things you might have missed. Additionally, focus on your achievements. Highlight your most relevant experiences and skills that align with the position you’re applying for. Finally, ensure you’ve included all required documents and that they’re formatted correctly. Submit your application with confidence knowing you've put your best foot forward. Good luck!"
        }
      ],
      "quiz_file": "C:\\Users\\Imran A\\Documents\\coursia-final-mvp-design-1\\generated\\d56b366b-a1ea-4736-b52b-9373f506a219\\lesson_4\\quiz.json",
      "workbook_file": "C:\\Users\\Imran A\\Documents\\coursia-final-mvp-design-1\\generated\\d56b366b-a1ea-4736-b52b-9373f506a219\\lesson_4\\workbook.txt"
    }
  ]
}