{
  "course_title": "Journey Through the Quran: A Path to Better Understanding",
  "course_description": "Enhance your connection with the Quran and enrich your life as a Muslim through guided learning and reflection.",
  "lessons": [
    {
      "lesson_title": "Unlocking the Quran: Understanding Its Structure and Themes",
      "videos": [
        {
          "title": "The Layout of the Quran: Surahs and Ayahs",
          "script_file": "C:\\Users\\Imran A\\Documents\\coursia-final-mvp-design-1\\generated\\5957f858-e6b8-43f0-aec1-ec2b45ce5270\\lesson_1\\script_l1_v1.txt",
          "script_content": "Welcome to 'Unlocking the Quran: Understanding Its Structure and Themes.' In this video, we will explore the layout of the Quran, focusing on Surahs and Ayahs. The Quran is divided into 114 Surahs, or chapters, each varying in length and theme. Surahs are further divided into Ayahs, or verses. Let's start with the first Surah, Al-Fatiha. This Surah consists of seven Ayahs and serves as an essential opening prayer for Muslims. As we move through the Surahs, we notice that they are not arranged chronologically but rather in a way that emphasizes key themes and messages. Some Surahs address legal matters, while others focus on stories of the prophets or the nature of God. Understanding this structure helps us appreciate the Quran as a comprehensive guide for life. Keep in mind that the Quran is also recited and memorized, making its structure vital for oral tradition. Now, let’s look at some examples of how different Surahs convey their messages through their unique structures. For instance, Surah Al-Baqarah is the longest Surah and covers various themes, including guidance for personal development and community welfare. As we conclude this segment, remember that the structural layout of the Quran is not just about organization; it reflects the intricate relationship between its content and its purpose. Thank you for watching, and let's move on to our next video."
        },
        {
          "title": "Key Themes in the Quran: A Thematic Overview",
          "script_file": "C:\\Users\\Imran A\\Documents\\coursia-final-mvp-design-1\\generated\\5957f858-e6b8-43f0-aec1-ec2b45ce5270\\lesson_1\\script_l1_v2.txt",
          "script_content": "Welcome back! In this video, we will delve into the key themes in the Quran, providing a thematic overview to enrich your understanding. The Quran addresses fundamental aspects of faith, including monotheism, prophethood, and the afterlife. One major theme is the concept of Tawhid, or the oneness of God, which is emphasized throughout the text. Another significant theme is guidance for personal conduct and social justice, urging believers to act with compassion and fairness. The Quran also explores the stories of various prophets, illustrating moral lessons and the consequences of human actions. For instance, the story of Prophet Musa (Moses) teaches resilience and faith in the face of adversity. Additionally, themes such as mercy, forgiveness, and the importance of community are woven throughout the verses. By understanding these themes, we can better grasp the Quran's messages and apply them to our lives. As we wrap up this video, I encourage you to reflect on how these themes resonate with your personal experiences and beliefs. Thank you for joining me in this exploration of the Quran's profound themes."
        }
      ],
      "quiz_file": "C:\\Users\\Imran A\\Documents\\coursia-final-mvp-design-1\\generated\\5957f858-e6b8-43f0-aec1-ec2b45ce5270\\lesson_1\\quiz.json",
      "workbook_file": "C:\\Users\\Imran A\\Documents\\coursia-final-mvp-design-1\\generated\\5957f858-e6b8-43f0-aec1-ec2b45ce5270\\lesson_1\\workbook.txt"
    },
    {
      "lesson_title": "Recitation and Reflection: The Art of Quranic Recitation",
      "videos": [
        {
          "title": "The Basics of Tajweed: Pronunciation Rules",
          "script_file": "C:\\Users\\Imran A\\Documents\\coursia-final-mvp-design-1\\generated\\5957f858-e6b8-43f0-aec1-ec2b45ce5270\\lesson_2\\script_l2_v1.txt",
          "script_content": "Welcome to 'The Basics of Tajweed: Pronunciation Rules'. In this video, we will explore the fundamental rules of Tajweed that enhance Quranic recitation. Tajweed is essential for proper pronunciation and understanding of the Quran. First, let’s discuss the importance of Makharij, or the points of articulation. Each Arabic letter has a specific place of origin in the mouth or throat. Practice pronouncing letters like 'ق' and 'ك' by placing your tongue correctly. Next, we will cover the concept of Saktah, a brief pause without breath. This pause can emphasize a point in the verse. Remember to practice with examples from the Quran. Finally, we will discuss the rules of Ghunna, which is the nasalization of certain letters. It’s crucial for the beauty of your recitation. Keep practicing these rules, and remember to listen to proficient reciters for guidance. Thank you for joining this session on Tajweed!"
        },
        {
          "title": "Reciting with Heart: Connecting with the Words",
          "script_file": "C:\\Users\\Imran A\\Documents\\coursia-final-mvp-design-1\\generated\\5957f858-e6b8-43f0-aec1-ec2b45ce5270\\lesson_2\\script_l2_v2.txt",
          "script_content": "Welcome to 'Reciting with Heart: Connecting with the Words'. In this video, we will delve into the emotional and spiritual aspects of Quranic recitation. Reciting with heart means being present and connecting deeply with the words of Allah. Start by finding a quiet space where you can focus. As you recite, contemplate the meanings of the verses. Try to visualize the stories and messages they convey. We will also explore the importance of intention. Set your intention to connect with Allah through your recitation. Practice reciting a few verses slowly, allowing the words to resonate in your heart. Finally, remember that the Quran is a source of guidance and comfort. Let its words fill you with peace and understanding. Thank you for participating in this journey of heartfelt recitation!"
        }
      ],
      "quiz_file": "C:\\Users\\Imran A\\Documents\\coursia-final-mvp-design-1\\generated\\5957f858-e6b8-43f0-aec1-ec2b45ce5270\\lesson_2\\quiz.json",
      "workbook_file": "C:\\Users\\Imran A\\Documents\\coursia-final-mvp-design-1\\generated\\5957f858-e6b8-43f0-aec1-ec2b45ce5270\\lesson_2\\workbook.txt"
    },
    {
      "lesson_title": "Living the Teachings: Applying Quranic Principles in Daily Life",
      "videos": [
        {
          "title": "Quranic Guidance for Personal Growth",
          "script_file": "C:\\Users\\Imran A\\Documents\\coursia-final-mvp-design-1\\generated\\5957f858-e6b8-43f0-aec1-ec2b45ce5270\\lesson_3\\script_l3_v1.txt",
          "script_content": "Welcome to 'Living the Teachings: Applying Quranic Principles in Daily Life'. In this video, we will explore how Quranic guidance can lead to personal growth. Let's begin by understanding the fundamental teachings of the Quran. The Quran emphasizes values such as compassion, honesty, and patience. These values are not just theoretical; they are practical tools for our daily lives. For example, when faced with a challenge, remember the verse that encourages patience. Reflect on a recent situation where you practiced patience and how it impacted your outcome. As you go about your day, think of ways to embody these Quranic principles in your interactions, whether at work, home, or in community. The Quran also encourages self-reflection. Take time each day to assess your actions and intentions. Are they aligned with the teachings? By consciously applying these principles, we foster personal growth and contribute positively to our surroundings. Let's move on to practical applications of these values in our everyday interactions."
        },
        {
          "title": "Implementing Quranic Values in Everyday Interactions",
          "script_file": "C:\\Users\\Imran A\\Documents\\coursia-final-mvp-design-1\\generated\\5957f858-e6b8-43f0-aec1-ec2b45ce5270\\lesson_3\\script_l3_v2.txt",
          "script_content": "In this video, we will discuss 'Implementing Quranic Values in Everyday Interactions'. The Quran teaches us to treat others with respect and kindness. Start by practicing active listening when conversing with others. This means giving your full attention and responding thoughtfully. Another important value is honesty. Reflect on a time when you were honest, even when it was difficult. How did that choice affect your relationships? Next, consider the concept of forgiveness. The Quran encourages us to forgive those who wrong us. Think about someone you need to forgive and take steps towards letting go of that burden. Lastly, remember to express gratitude. The Quran reminds us to be thankful for our blessings. Make it a habit to acknowledge the good in your life and in others. By integrating these values into your daily interactions, you create a more harmonious environment for yourself and those around you."
        }
      ],
      "quiz_file": "C:\\Users\\Imran A\\Documents\\coursia-final-mvp-design-1\\generated\\5957f858-e6b8-43f0-aec1-ec2b45ce5270\\lesson_3\\quiz.json",
      "workbook_file": "C:\\Users\\Imran A\\Documents\\coursia-final-mvp-design-1\\generated\\5957f858-e6b8-43f0-aec1-ec2b45ce5270\\lesson_3\\workbook.txt"
    },
    {
      "lesson_title": "Building Community: Sharing the Quran with Others",
      "videos": [
        {
          "title": "Encouraging Quranic Learning in Your Community",
          "script_file": "C:\\Users\\Imran A\\Documents\\coursia-final-mvp-design-1\\generated\\5957f858-e6b8-43f0-aec1-ec2b45ce5270\\lesson_4\\script_l4_v1.txt",
          "script_content": "Welcome to our lesson on Building Community: Sharing the Quran with Others. In this video, we will explore how to encourage Quranic learning in your community. First, consider organizing study groups where individuals can come together to read and discuss the Quran. This fosters collaboration and deeper understanding. Next, leverage social media to create online forums for discussion. Share insights, reflections, and questions. Additionally, host community events, such as Quranic recitation competitions or family nights, to engage different age groups. Remember, it's essential to create an inclusive atmosphere where everyone feels welcome to participate. Finally, always encourage feedback and suggestions from participants to improve future sessions. Let's make Quranic learning a community effort! Now, let's move on to the next video."
        },
        {
          "title": "Creating a Supportive Environment for Study",
          "script_file": "C:\\Users\\Imran A\\Documents\\coursia-final-mvp-design-1\\generated\\5957f858-e6b8-43f0-aec1-ec2b45ce5270\\lesson_4\\script_l4_v2.txt",
          "script_content": "Welcome back! In this segment, we will focus on creating a supportive environment for study. Start by establishing a dedicated space for Quranic study, whether it’s at home or in a community center. This space should be quiet, comfortable, and free from distractions. Next, encourage mentorship within your community. Pair experienced learners with newcomers to guide them in their journey. Additionally, provide resources such as books, online courses, and access to knowledgeable speakers. Remember to celebrate milestones, whether big or small, to motivate learners. Lastly, ensure that your environment is respectful and open to questions. Let’s work together to build a thriving community centered around the Quran."
        }
      ],
      "quiz_file": "C:\\Users\\Imran A\\Documents\\coursia-final-mvp-design-1\\generated\\5957f858-e6b8-43f0-aec1-ec2b45ce5270\\lesson_4\\quiz.json",
      "workbook_file": "C:\\Users\\Imran A\\Documents\\coursia-final-mvp-design-1\\generated\\5957f858-e6b8-43f0-aec1-ec2b45ce5270\\lesson_4\\workbook.txt"
    }
  ]
}