{
  "course_title": "Startup Success: Navigating YCombinator Funding",
  "course_description": "Master the art of applying to YCombinator and secure funding for your startup with expert strategies and insights.",
  "lessons": [
    {
      "lesson_title": "Crafting a Compelling Application",
      "videos": [
        {
          "title": "The Key Components of a Winning Application",
          "script_file": "C:\\Users\\Imran A\\Documents\\coursia-final-mvp-design-1\\generated\\9f5b396c-a990-4e21-bec5-8315c93597c5\\lesson_1\\script_l1_v1.txt",
          "script_content": "Welcome to 'Crafting a Compelling Application.' In this video, we will explore the key components that make up a winning application. First, let's discuss the importance of a strong personal statement. This is your chance to showcase your personality and motivations. Next, ensure your resume is tailored to the position, highlighting relevant experiences and skills. Don't forget to include letters of recommendation; choose individuals who can speak to your strengths. Finally, pay attention to application deadlines and submission requirements. A compelling application is not just about content, but also about presentation. Make sure it is organized and free of errors. In our next video, we will cover common mistakes to avoid when crafting your application. Stay tuned!"
        },
        {
          "title": "Common Mistakes to Avoid",
          "script_file": "C:\\Users\\Imran A\\Documents\\coursia-final-mvp-design-1\\generated\\9f5b396c-a990-4e21-bec5-8315c93597c5\\lesson_1\\script_l1_v2.txt",
          "script_content": "Welcome back! In this video, we will discuss common mistakes to avoid when crafting your application. One major pitfall is submitting a generic application; always customize your materials for each opportunity. Another mistake is overlooking the importance of proofreading. Typos and grammatical errors can undermine your credibility. Additionally, avoid being overly vague; be specific about your accomplishments and experiences. It's also crucial to follow instructions carefully; ensure that you include all required documents and adhere to formatting guidelines. Lastly, don’t underestimate the power of a strong closing statement; make sure to leave a lasting impression. By avoiding these common mistakes, you can strengthen your application and improve your chances of success."
        }
      ],
      "quiz_file": "C:\\Users\\Imran A\\Documents\\coursia-final-mvp-design-1\\generated\\9f5b396c-a990-4e21-bec5-8315c93597c5\\lesson_1\\quiz.json",
      "workbook_file": "C:\\Users\\Imran A\\Documents\\coursia-final-mvp-design-1\\generated\\9f5b396c-a990-4e21-bec5-8315c93597c5\\lesson_1\\workbook.txt"
    },
    {
      "lesson_title": "Perfecting Your Pitch",
      "videos": [
        {
          "title": "Pitching 101: Captivating Investors",
          "script_file": "C:\\Users\\Imran A\\Documents\\coursia-final-mvp-design-1\\generated\\9f5b396c-a990-4e21-bec5-8315c93597c5\\lesson_2\\script_l2_v1.txt",
          "script_content": "Welcome to Pitching 101: Captivating Investors. In this video, we will explore the key elements of a successful pitch. First, start with a compelling hook. This could be a surprising statistic or a powerful question. Next, introduce your problem statement clearly and concisely. Ensure your audience understands the significance of the problem. Then, present your solution, highlighting its uniqueness and benefits. Use visuals to support your claims and make your pitch more engaging. Remember to tailor your message to your audience, addressing their interests and concerns. Finally, conclude with a strong call to action, encouraging investors to engage further. Practice your pitch multiple times to refine your delivery and build confidence. Let's dive into storytelling techniques next."
        },
        {
          "title": "Storytelling Techniques for Founders",
          "script_file": "C:\\Users\\Imran A\\Documents\\coursia-final-mvp-design-1\\generated\\9f5b396c-a990-4e21-bec5-8315c93597c5\\lesson_2\\script_l2_v2.txt",
          "script_content": "Welcome to Storytelling Techniques for Founders. Storytelling is a vital tool in pitching. Start by framing your narrative around a relatable character who faces challenges. This character should embody your target market. Next, illustrate the journey, including obstacles and triumphs, which demonstrates resilience and adaptability. Use vivid imagery and emotional language to draw your audience in. Incorporate data and testimonials to enhance credibility. As you wrap up your story, connect it back to your business and the impact it will have. Remember, a good story evokes emotions and leaves a lasting impression. Practice telling your story in various ways to find the most compelling version. Now, let’s move on to tips for engaging your audience effectively."
        }
      ],
      "quiz_file": "C:\\Users\\Imran A\\Documents\\coursia-final-mvp-design-1\\generated\\9f5b396c-a990-4e21-bec5-8315c93597c5\\lesson_2\\quiz.json",
      "workbook_file": "C:\\Users\\Imran A\\Documents\\coursia-final-mvp-design-1\\generated\\9f5b396c-a990-4e21-bec5-8315c93597c5\\lesson_2\\workbook.txt"
    },
    {
      "lesson_title": "Understanding YCombinator's Selection Criteria",
      "videos": [
        {
          "title": "What Investors Really Look For",
          "script_file": "C:\\Users\\Imran A\\Documents\\coursia-final-mvp-design-1\\generated\\9f5b396c-a990-4e21-bec5-8315c93597c5\\lesson_3\\script_l3_v1.txt",
          "script_content": "Welcome to 'What Investors Really Look For.' In this video, we will explore the key factors that investors consider when evaluating startups. First, let's discuss the team. Investors prioritize a strong, cohesive team with complementary skills. They look for passion, resilience, and a track record of execution. Next, we have the idea. It should address a real problem and have a clear market demand. Investors want to see a unique value proposition that sets the startup apart from competitors. The business model is also crucial. Investors look for clarity on how the company plans to generate revenue. Finally, traction is significant. This includes user growth, revenue figures, and any partnerships that validate the business. Remember, investors are not just funding an idea; they are investing in a team that can execute that idea effectively. Now, let's move on to the next video, where we will decode the YCombinator application process."
        },
        {
          "title": "Decoding the YCombinator Application Process",
          "script_file": "C:\\Users\\Imran A\\Documents\\coursia-final-mvp-design-1\\generated\\9f5b396c-a990-4e21-bec5-8315c93597c5\\lesson_3\\script_l3_v2.txt",
          "script_content": "Welcome to 'Decoding the YCombinator Application Process.' In this video, we will break down what YCombinator looks for in their applications. Firstly, you need to tell a compelling story. Your narrative should highlight the problem you’re solving and why your team is the right one to tackle it. Be authentic and passionate. Next, focus on your product. YCombinator wants to see a working prototype or MVP that demonstrates your concept. It's essential to show traction, so include any metrics or user feedback that indicates growth or interest. Additionally, be transparent about your business model. YCombinator values clarity on how you plan to make money. Lastly, prepare for the interview. Practice answering tough questions and be ready to discuss your vision and plans for scaling. Remember, YCombinator is not just looking for great ideas; they are looking for great founders. Good luck with your application!"
        }
      ],
      "quiz_file": "C:\\Users\\Imran A\\Documents\\coursia-final-mvp-design-1\\generated\\9f5b396c-a990-4e21-bec5-8315c93597c5\\lesson_3\\quiz.json",
      "workbook_file": "C:\\Users\\Imran A\\Documents\\coursia-final-mvp-design-1\\generated\\9f5b396c-a990-4e21-bec5-8315c93597c5\\lesson_3\\workbook.txt"
    },
    {
      "lesson_title": "Post-Acceptance: Managing Your Relationship with YCombinator",
      "videos": [
        {
          "title": "Maximizing Your Time in the Program",
          "script_file": "C:\\Users\\Imran A\\Documents\\coursia-final-mvp-design-1\\generated\\9f5b396c-a990-4e21-bec5-8315c93597c5\\lesson_4\\script_l4_v1.txt",
          "script_content": "Welcome to 'Maximizing Your Time in the Program.' In this video, we'll explore how to make the most of your YCombinator experience. First, set clear goals for what you want to achieve during your time here. Identify key milestones and outline actionable steps to reach them. Next, prioritize your time effectively. Attend office hours, meet your partners, and leverage the resources available to you. Don't hesitate to ask for feedback regularly; it’s crucial for your growth. Lastly, document your journey—take notes on meetings and insights gained. This will help you reflect and adapt. Remember, the more you engage, the more you will benefit. Let’s maximize your time together! Moving on to the next video, we'll discuss building a network for long-term success."
        },
        {
          "title": "Building a Network for Long-Term Success",
          "script_file": "C:\\Users\\Imran A\\Documents\\coursia-final-mvp-design-1\\generated\\9f5b396c-a990-4e21-bec5-8315c93597c5\\lesson_4\\script_l4_v2.txt",
          "script_content": "Welcome to 'Building a Network for Long-Term Success.' In this video, we’ll focus on the importance of networking during and after your YCombinator program. Start by identifying key individuals within your cohort and mentors. Schedule one-on-one meetings to learn from their experiences. Attend networking events, both virtual and in-person, to expand your reach. Remember, follow-ups are essential; send a quick email or message to keep the conversation going. Additionally, consider joining alumni groups to stay connected with past participants. Networking is not just about what you can gain, but also what you can offer. Be generous with your knowledge and support. Building a strong network will open doors long after your YCombinator journey ends. Thank you for watching, and good luck!"
        }
      ],
      "quiz_file": "C:\\Users\\Imran A\\Documents\\coursia-final-mvp-design-1\\generated\\9f5b396c-a990-4e21-bec5-8315c93597c5\\lesson_4\\quiz.json",
      "workbook_file": "C:\\Users\\Imran A\\Documents\\coursia-final-mvp-design-1\\generated\\9f5b396c-a990-4e21-bec5-8315c93597c5\\lesson_4\\workbook.txt"
    }
  ]
}