{
  "course_title": "Scaling Your Freelance Business to Million-Dollar Success",
  "course_description": "Unlock strategies and insights to elevate your freelance business and achieve financial freedom.",
  "lessons": [
    {
      "lesson_title": "Building Your Million-Dollar Mindset",
      "videos": [
        {
          "title": "Cultivating an Entrepreneurial Mindset",
          "script_file": "C:\\Users\\Imran A\\Documents\\coursia-final-mvp-design-1\\generated\\faa0c481-c5d4-4a47-8844-18dbdfea7168\\lesson_1\\script_l1_v1.txt",
          "script_content": "Welcome to 'Building Your Million-Dollar Mindset.' In this video, we will explore how to cultivate an entrepreneurial mindset. First, let's define what an entrepreneurial mindset is: it's a way of thinking that enables you to see opportunities where others see challenges. To develop this mindset, start by embracing a growth mindset—believe that your abilities can be developed through dedication and hard work. Next, practice resilience. When faced with setbacks, ask yourself: what can I learn from this? Surround yourself with positive influences. Network with other entrepreneurs and seek mentorship. Finally, set clear goals. Write down your short-term and long-term goals, and visualize your success. Remember, your mindset is the foundation of your entrepreneurial journey. Now, let's move on to overcoming limiting beliefs."
        },
        {
          "title": "Overcoming Limiting Beliefs",
          "script_file": "C:\\Users\\Imran A\\Documents\\coursia-final-mvp-design-1\\generated\\faa0c481-c5d4-4a47-8844-18dbdfea7168\\lesson_1\\script_l1_v2.txt",
          "script_content": "Welcome back! In this video, we will tackle the topic of overcoming limiting beliefs. Limiting beliefs are assumptions that hold you back from achieving your full potential. The first step to overcoming them is to identify them. Take a moment to reflect: what negative thoughts do you often have about your abilities? Write them down. Next, challenge these beliefs. Ask yourself: is there evidence to support this belief? Often, you will find that the answer is no. Replace these limiting beliefs with empowering affirmations. For example, instead of saying 'I can't succeed,' say 'I am capable of achieving my goals.' Finally, take action. Start small, but take consistent steps toward your goals. The more you act, the more your confidence will grow. Remember, you have the power to change your mindset and, consequently, your life."
        }
      ],
      "quiz_file": "C:\\Users\\Imran A\\Documents\\coursia-final-mvp-design-1\\generated\\faa0c481-c5d4-4a47-8844-18dbdfea7168\\lesson_1\\quiz.json",
      "workbook_file": "C:\\Users\\Imran A\\Documents\\coursia-final-mvp-design-1\\generated\\faa0c481-c5d4-4a47-8844-18dbdfea7168\\lesson_1\\workbook.txt"
    },
    {
      "lesson_title": "Attracting High-Value Clients",
      "videos": [
        {
          "title": "Identifying Your Ideal Client",
          "script_file": "C:\\Users\\Imran A\\Documents\\coursia-final-mvp-design-1\\generated\\faa0c481-c5d4-4a47-8844-18dbdfea7168\\lesson_2\\script_l2_v1.txt",
          "script_content": "Welcome to our lesson on attracting high-value clients! In this video, we will focus on identifying your ideal client. Start by considering the following criteria: Who benefits most from your services? What are their demographics, such as age, gender, and location? Now, think about their psychographics: What are their interests, values, and pain points? Create a client persona that encompasses these traits. Use this persona to guide your marketing and outreach strategies. Remember, the clearer you are about who your ideal client is, the easier it will be to attract them. Now, let's take a moment to visualize your ideal client. Picture them in your mind and jot down key characteristics that stand out. This will become your roadmap for attracting high-value clients."
        },
        {
          "title": "Crafting Irresistible Offers",
          "script_file": "C:\\Users\\Imran A\\Documents\\coursia-final-mvp-design-1\\generated\\faa0c481-c5d4-4a47-8844-18dbdfea7168\\lesson_2\\script_l2_v2.txt",
          "script_content": "Welcome back! In this video, we will discuss how to craft irresistible offers that appeal to your ideal clients. Start by identifying the core problem your client faces. What solution can you provide that addresses this problem? Now, think about how you can present this solution in a way that highlights its value. Use compelling language and focus on the outcomes your clients will achieve. Create a unique selling proposition that differentiates you from competitors. Finally, consider adding bonuses or limited-time offers to create urgency. Remember, an irresistible offer is not just about price; it's about value and transformation. Take a moment to draft your irresistible offer using the framework we've discussed."
        }
      ],
      "quiz_file": "C:\\Users\\Imran A\\Documents\\coursia-final-mvp-design-1\\generated\\faa0c481-c5d4-4a47-8844-18dbdfea7168\\lesson_2\\quiz.json",
      "workbook_file": "C:\\Users\\Imran A\\Documents\\coursia-final-mvp-design-1\\generated\\faa0c481-c5d4-4a47-8844-18dbdfea7168\\lesson_2\\workbook.txt"
    },
    {
      "lesson_title": "Streamlining Your Services for Growth",
      "videos": [
        {
          "title": "Creating Scalable Service Packages",
          "script_file": "C:\\Users\\Imran A\\Documents\\coursia-final-mvp-design-1\\generated\\faa0c481-c5d4-4a47-8844-18dbdfea7168\\lesson_3\\script_l3_v1.txt",
          "script_content": "Welcome to 'Creating Scalable Service Packages'. In this video, we will explore how to design service offerings that grow with your business. First, identify your core services. What do you excel at? Next, think about how you can package these services. For example, can you create tiered offerings? Consider a basic, standard, and premium package that caters to different client needs. Now, let's discuss pricing. Ensure your packages reflect the value provided, and don’t forget to conduct market research to stay competitive. Finally, outline the benefits of each package clearly. This helps clients understand the value they receive. Remember, scalability is key. Your packages should be easy to replicate and deliver consistently. By the end of this video, you should be able to create at least two scalable service packages for your business."
        },
        {
          "title": "Automating Your Workflow",
          "script_file": "C:\\Users\\Imran A\\Documents\\coursia-final-mvp-design-1\\generated\\faa0c481-c5d4-4a47-8844-18dbdfea7168\\lesson_3\\script_l3_v2.txt",
          "script_content": "Welcome to 'Automating Your Workflow'. In this video, we will focus on how automation can save you time and enhance your service delivery. Start by mapping out your current workflow. Identify repetitive tasks that can be automated. For instance, consider using tools for scheduling, invoicing, or client follow-ups. Next, explore automation software options like Zapier or Asana. These tools can help you connect different apps and automate tasks seamlessly. Remember to set up templates for emails and reports to streamline communication. As you implement automation, track performance to identify areas for improvement. By the end of this video, you should have a clear plan for automating at least three aspects of your workflow."
        }
      ],
      "quiz_file": "C:\\Users\\Imran A\\Documents\\coursia-final-mvp-design-1\\generated\\faa0c481-c5d4-4a47-8844-18dbdfea7168\\lesson_3\\quiz.json",
      "workbook_file": "C:\\Users\\Imran A\\Documents\\coursia-final-mvp-design-1\\generated\\faa0c481-c5d4-4a47-8844-18dbdfea7168\\lesson_3\\workbook.txt"
    },
    {
      "lesson_title": "Marketing Strategies for Maximum Reach",
      "videos": [
        {
          "title": "Leveraging Social Media for Exposure",
          "script_file": "C:\\Users\\Imran A\\Documents\\coursia-final-mvp-design-1\\generated\\faa0c481-c5d4-4a47-8844-18dbdfea7168\\lesson_4\\script_l4_v1.txt",
          "script_content": "Welcome to 'Leveraging Social Media for Exposure'. In this video, we will explore how to effectively use social media platforms to maximize your marketing reach. First, understand your audience. Identify where they spend their time online. Are they on Instagram, LinkedIn, or TikTok? Once you know this, tailor your content for that platform. Next, consistency is key. Post regularly and engage with your audience. Use analytics tools to track your performance and adjust your strategy accordingly. Don't forget to utilize hashtags and collaborate with influencers to expand your reach. Finally, always encourage user-generated content. This not only increases engagement but also builds community around your brand. Let's get started on making your social media presence impactful! "
        },
        {
          "title": "Building a Personal Brand that Sells",
          "script_file": "C:\\Users\\Imran A\\Documents\\coursia-final-mvp-design-1\\generated\\faa0c481-c5d4-4a47-8844-18dbdfea7168\\lesson_4\\script_l4_v2.txt",
          "script_content": "Welcome to 'Building a Personal Brand that Sells'. Today, we’ll discuss how to create a personal brand that resonates with your audience and drives sales. Start by defining your unique value proposition. What makes you different? Next, develop a consistent visual identity across all platforms – think logos, color schemes, and fonts. Share your story; authenticity builds trust. Create valuable content that showcases your expertise and engages your audience. Utilize testimonials and case studies to demonstrate your impact. Finally, network both online and offline. Attend industry events and engage with others in your field. Remember, a strong personal brand not only attracts attention but also converts followers into customers. Let's dive into building your personal brand!"
        }
      ],
      "quiz_file": "C:\\Users\\Imran A\\Documents\\coursia-final-mvp-design-1\\generated\\faa0c481-c5d4-4a47-8844-18dbdfea7168\\lesson_4\\quiz.json",
      "workbook_file": "C:\\Users\\Imran A\\Documents\\coursia-final-mvp-design-1\\generated\\faa0c481-c5d4-4a47-8844-18dbdfea7168\\lesson_4\\workbook.txt"
    }
  ]
}