{
  "course_title": "Pathway to Becoming a Good Muslim: Understanding the Quran",
  "course_description": "Embark on a transformative journey to deepen your understanding of the Quran and embrace the principles of being a good Muslim.",
  "lessons": [
    {
      "lesson_title": "The Essence of the Quran: A Divine Guide",
      "videos": [
        {
          "title": "Introduction to the Quran",
          "script_file": "C:\\Users\\Imran A\\Documents\\coursia-final-mvp-design-1\\generated\\079a5d65-3dad-463f-b628-bff520cc367e\\lesson_1\\script_l1_v1.txt",
          "script_content": "Welcome to our lesson on 'The Essence of the Quran: A Divine Guide.' In this video, we will explore the fundamental aspects of the Quran, its significance in the lives of millions, and its role as a guide for humanity. The Quran, revealed to the Prophet Muhammad over 1400 years ago, is not just a book; it is a comprehensive manual for life. It addresses various aspects of human existence, including spirituality, morality, and social justice. We will delve into the structure of the Quran, its linguistic beauty, and the profound messages it conveys. As we journey through this lesson, keep in mind the impact the Quran has on daily life and decision-making for those who follow its teachings. Let's get started on this enlightening exploration of the Quran's essence."
        },
        {
          "title": "Themes of Guidance in the Quran",
          "script_file": "C:\\Users\\Imran A\\Documents\\coursia-final-mvp-design-1\\generated\\079a5d65-3dad-463f-b628-bff520cc367e\\lesson_1\\script_l1_v2.txt",
          "script_content": "In this video, we will discuss the central themes of guidance found in the Quran. The Quran serves as a divine guide, offering wisdom and direction on numerous topics. Key themes include the importance of faith, the concept of accountability, the significance of compassion and justice, and the pursuit of knowledge. Each chapter, or Surah, provides lessons that encourage reflection and self-improvement. We will highlight specific verses that exemplify these themes and discuss their relevance in contemporary society. By understanding these themes, we can better appreciate how the Quran continues to guide individuals and communities toward a path of righteousness and fulfillment."
        }
      ],
      "quiz_file": "C:\\Users\\Imran A\\Documents\\coursia-final-mvp-design-1\\generated\\079a5d65-3dad-463f-b628-bff520cc367e\\lesson_1\\quiz.json",
      "workbook_file": "C:\\Users\\Imran A\\Documents\\coursia-final-mvp-design-1\\generated\\079a5d65-3dad-463f-b628-bff520cc367e\\lesson_1\\workbook.txt"
    },
    {
      "lesson_title": "Living the Teachings: Practical Applications",
      "videos": [
        {
          "title": "Implementing Quranic Principles in Daily Life",
          "script_file": "C:\\Users\\Imran A\\Documents\\coursia-final-mvp-design-1\\generated\\079a5d65-3dad-463f-b628-bff520cc367e\\lesson_2\\script_l2_v1.txt",
          "script_content": "Welcome to our lesson on 'Living the Teachings: Practical Applications.' Today, we will explore how to implement Quranic principles in our daily lives. Let's start with the concept of honesty. The Quran emphasizes the importance of truthfulness in Surah Al-Baqarah, verse 42. Reflect on how you can practice honesty in your interactions today. Next, we move to the principle of charity. Surah Al-Baqarah, verse 267 encourages giving generously. Consider setting aside a portion of your income for those in need. Lastly, let's discuss patience. Surah Al-Anfal, verse 46 teaches us to remain steadfast during trials. Think of a recent challenge and how you can apply patience moving forward. Remember, living these teachings is about small, consistent actions every day. Thank you for joining us!"
        },
        {
          "title": "Stories of the Prophets: Lessons for Us",
          "script_file": "C:\\Users\\Imran A\\Documents\\coursia-final-mvp-design-1\\generated\\079a5d65-3dad-463f-b628-bff520cc367e\\lesson_2\\script_l2_v2.txt",
          "script_content": "In this segment, we will discuss 'Stories of the Prophets: Lessons for Us.' The story of Prophet Yusuf teaches us resilience and trust in Allah’s plan. Reflect on a time when you faced adversity and how you can embody Yusuf's patience. The story of Prophet Ibrahim teaches us about unwavering faith. What are some beliefs you hold that require courage? Finally, we have the story of Prophet Muhammad, who exemplified compassion and forgiveness. Consider someone in your life you can forgive this week. Each of these stories provides valuable lessons that we can apply in our daily lives. Let’s strive to embody these teachings!"
        }
      ],
      "quiz_file": "C:\\Users\\Imran A\\Documents\\coursia-final-mvp-design-1\\generated\\079a5d65-3dad-463f-b628-bff520cc367e\\lesson_2\\quiz.json",
      "workbook_file": "C:\\Users\\Imran A\\Documents\\coursia-final-mvp-design-1\\generated\\079a5d65-3dad-463f-b628-bff520cc367e\\lesson_2\\workbook.txt"
    },
    {
      "lesson_title": "Building a Connection: Recitation and Reflection",
      "videos": [
        {
          "title": "The Art of Quranic Recitation",
          "script_file": "C:\\Users\\Imran A\\Documents\\coursia-final-mvp-design-1\\generated\\079a5d65-3dad-463f-b628-bff520cc367e\\lesson_3\\script_l3_v1.txt",
          "script_content": "Welcome to 'The Art of Quranic Recitation.' In this video, we will explore the fundamental principles of reciting the Quran beautifully. Begin by understanding the importance of Tajweed, which is the set of rules governing pronunciation during recitation. Proper Tajweed enhances the beauty and clarity of the words. Let’s practice the articulation points of the Arabic letters. Repeat after me: Alif, Ba, Ta, Tha... Notice how each letter has a unique sound. Now, let’s apply these principles to a verse. We will recite Surah Al-Fatiha together. Pay attention to the elongation and pauses as we recite. [Recitation of Surah Al-Fatiha with pauses for practice] Excellent! Remember, consistent practice is key. As you continue your journey in Quranic recitation, aim for clarity, emotion, and connection with the meaning of the verses. Thank you for joining this session on the art of recitation."
        },
        {
          "title": "Reflecting on Quranic Verses",
          "script_file": "C:\\Users\\Imran A\\Documents\\coursia-final-mvp-design-1\\generated\\079a5d65-3dad-463f-b628-bff520cc367e\\lesson_3\\script_l3_v2.txt",
          "script_content": "Welcome to 'Reflecting on Quranic Verses.' In this video, we will delve into the significance of reflection in understanding the Quran. Take a moment to think about a verse that resonates with you. Reflect on its meaning and how it applies to your life. For example, consider Surah Al-Baqarah, Verse 286: 'Allah does not burden a soul beyond that it can bear.' What does this say about resilience and faith? As we explore this verse together, let’s discuss its implications. [Pause for reflection] Now, how can you apply this teaching in your daily challenges? Write down your thoughts. Remember, reflection is a personal journey that deepens your connection with the Quran. Thank you for participating, and may your reflections lead to greater understanding."
        }
      ],
      "quiz_file": "C:\\Users\\Imran A\\Documents\\coursia-final-mvp-design-1\\generated\\079a5d65-3dad-463f-b628-bff520cc367e\\lesson_3\\quiz.json",
      "workbook_file": "C:\\Users\\Imran A\\Documents\\coursia-final-mvp-design-1\\generated\\079a5d65-3dad-463f-b628-bff520cc367e\\lesson_3\\workbook.txt"
    },
    {
      "lesson_title": "Strengthening Faith Through Community and Prayer",
      "videos": [
        {
          "title": "The Role of Community in Islam",
          "script_file": "C:\\Users\\Imran A\\Documents\\coursia-final-mvp-design-1\\generated\\079a5d65-3dad-463f-b628-bff520cc367e\\lesson_4\\script_l4_v1.txt",
          "script_content": "Welcome to our lesson on strengthening faith through community and prayer. Today, we will explore the vital role that community plays in the life of a Muslim. Community is not just a gathering of people; it is a support system that encourages spiritual growth and collective worship. In Islam, the concept of Ummah emphasizes unity and brotherhood among Muslims. When we come together, we share our experiences, support one another in our faith, and grow together in our understanding of Islam. Community events, such as group prayers, shared meals during Ramadan, and study circles, allow us to strengthen our bonds and deepen our faith. Remember, engaging with your community can provide you with the encouragement needed to maintain and enhance your spiritual journey. So, seek out your local mosque or community center and participate actively, as this is where you will find support and inspiration in your faith journey."
        },
        {
          "title": "The Importance of Prayer and Worship",
          "script_file": "C:\\Users\\Imran A\\Documents\\coursia-final-mvp-design-1\\generated\\079a5d65-3dad-463f-b628-bff520cc367e\\lesson_4\\script_l4_v2.txt",
          "script_content": "Welcome back! In this segment, we will discuss the importance of prayer and worship in Islam. Prayer, or Salah, is one of the five pillars of Islam and is a direct link between the believer and Allah. It is a time for reflection, gratitude, and seeking guidance. Regular prayer helps to cultivate discipline and mindfulness in our daily lives. Additionally, communal prayers, especially on Fridays, bring us together as a community, reinforcing our shared beliefs and values. Worship is not confined to the mosque; it can be practiced in our daily actions and interactions with others. By integrating prayer into our lives and participating in communal worship, we reinforce our commitment to our faith and to each other. Let us remember that prayer is not just a ritual; it is a lifeline that connects us to our Creator and our community."
        }
      ],
      "quiz_file": "C:\\Users\\Imran A\\Documents\\coursia-final-mvp-design-1\\generated\\079a5d65-3dad-463f-b628-bff520cc367e\\lesson_4\\quiz.json",
      "workbook_file": "C:\\Users\\Imran A\\Documents\\coursia-final-mvp-design-1\\generated\\079a5d65-3dad-463f-b628-bff520cc367e\\lesson_4\\workbook.txt"
    }
  ]
}