{
  "course_title": "Blueprint to Billionaire Success",
  "course_description": "Unlock the secrets of scaling a business to billionaire status through proven strategies and real-life examples.",
  "lessons": [
    {
      "lesson_title": "Mindset of the Ultra-Successful",
      "videos": [
        {
          "title": "Cultivating a Billionaire Mindset",
          "script_file": "C:\\Users\\Imran A\\Documents\\coursia-final-mvp-design-1\\generated\\0c16f4ba-ff9a-42b3-8353-4f9b340f94d3\\lesson_1\\script_l1_v1.txt",
          "script_content": "Welcome to 'Cultivating a Billionaire Mindset.' In this video, we will explore the core principles that define the mindset of ultra-successful individuals. First, let's talk about vision. Ultra-successful people have a clear vision of their goals. They visualize their success daily and use this imagery to stay motivated. Next, we discuss resilience. Failure is a part of the journey, and the ultra-successful see setbacks as opportunities to learn and grow. They embrace challenges and are not afraid to take calculated risks. Another key aspect is persistent action. Billionaires take consistent steps towards their goals, no matter how small. They understand that success is a marathon, not a sprint. Finally, we will touch on surrounding yourself with greatness. The people you associate with can influence your mindset. Seek mentors and peers who inspire you. Remember, cultivating a billionaire mindset is about adopting these principles daily. Thank you for watching, and let's move on to our next video."
        },
        {
          "title": "Overcoming Fear and Doubt",
          "script_file": "C:\\Users\\Imran A\\Documents\\coursia-final-mvp-design-1\\generated\\0c16f4ba-ff9a-42b3-8353-4f9b340f94d3\\lesson_1\\script_l1_v2.txt",
          "script_content": "Welcome back to our lesson on 'Overcoming Fear and Doubt.' In this video, we will tackle the common barriers that prevent many from achieving ultra-success. First, acknowledge that fear is a natural response. Ultra-successful individuals do not eliminate fear; they learn to manage it. They face their fears head-on, understanding that growth lies outside their comfort zone. Next, we will discuss the importance of self-belief. Cultivating a strong sense of self-worth is crucial. Practice positive affirmations and focus on your strengths. Another strategy is to reframe negative thoughts. Instead of saying 'I can't,' say 'I will learn how to.' Lastly, develop a support system. Surround yourself with people who uplift and encourage you. Remember, overcoming fear and doubt is a continuous process. With practice, you can train your mind to embrace challenges. Thank you for joining us in this lesson."
        }
      ],
      "quiz_file": "C:\\Users\\Imran A\\Documents\\coursia-final-mvp-design-1\\generated\\0c16f4ba-ff9a-42b3-8353-4f9b340f94d3\\lesson_1\\quiz.json",
      "workbook_file": "C:\\Users\\Imran A\\Documents\\coursia-final-mvp-design-1\\generated\\0c16f4ba-ff9a-42b3-8353-4f9b340f94d3\\lesson_1\\workbook.txt"
    },
    {
      "lesson_title": "Innovative Strategies for Growth",
      "videos": [
        {
          "title": "Identifying Market Opportunities",
          "script_file": "C:\\Users\\Imran A\\Documents\\coursia-final-mvp-design-1\\generated\\0c16f4ba-ff9a-42b3-8353-4f9b340f94d3\\lesson_2\\script_l2_v1.txt",
          "script_content": "Welcome to 'Identifying Market Opportunities'. In this video, we will explore key strategies to uncover growth potential in your market. First, analyze industry trends by researching reports and statistics relevant to your field. Next, conduct a SWOT analysis—identify your strengths, weaknesses, opportunities, and threats. Engage with your customers through surveys and feedback to understand their needs better. Lastly, keep an eye on competitors; what gaps are they leaving? Use these insights to pinpoint opportunities for innovation and growth. Let's get started on identifying the market opportunities that can propel your business forward."
        },
        {
          "title": "Leveraging Technology for Expansion",
          "script_file": "C:\\Users\\Imran A\\Documents\\coursia-final-mvp-design-1\\generated\\0c16f4ba-ff9a-42b3-8353-4f9b340f94d3\\lesson_2\\script_l2_v2.txt",
          "script_content": "Welcome to 'Leveraging Technology for Expansion'. In this session, we'll discuss how technology can be a powerful ally in your growth strategy. Start by evaluating your current technology infrastructure—are there tools that can streamline your operations? Consider implementing data analytics to gain insights into customer behavior and preferences. Explore digital marketing platforms to reach a wider audience effectively. Don't overlook automation; it can increase efficiency and reduce costs. Lastly, invest in cloud solutions for scalability and flexibility. By harnessing the right technologies, you can create a robust foundation for sustainable growth."
        }
      ],
      "quiz_file": "C:\\Users\\Imran A\\Documents\\coursia-final-mvp-design-1\\generated\\0c16f4ba-ff9a-42b3-8353-4f9b340f94d3\\lesson_2\\quiz.json",
      "workbook_file": "C:\\Users\\Imran A\\Documents\\coursia-final-mvp-design-1\\generated\\0c16f4ba-ff9a-42b3-8353-4f9b340f94d3\\lesson_2\\workbook.txt"
    },
    {
      "lesson_title": "Building a Powerful Network",
      "videos": [
        {
          "title": "Networking Like a Billionaire",
          "script_file": "C:\\Users\\Imran A\\Documents\\coursia-final-mvp-design-1\\generated\\0c16f4ba-ff9a-42b3-8353-4f9b340f94d3\\lesson_3\\script_l3_v1.txt",
          "script_content": "Welcome to 'Networking Like a Billionaire.' In this video, we will explore the secrets of effective networking used by the world's most successful individuals. First, understand the importance of authenticity. When you connect with others, be genuine in your interactions. Next, focus on building relationships, not just contacts. Aim for quality over quantity. Attend events that align with your goals and interests; this will ensure you meet like-minded individuals. Always follow up after meetings. A simple thank you note can go a long way in solidifying a connection. Lastly, leverage social media. Platforms like LinkedIn are powerful tools for maintaining and expanding your network. Remember, networking is about giving as much as receiving. Be proactive in offering help and resources to your contacts. Let's move on to the next video, where we will discuss creating strategic partnerships."
        },
        {
          "title": "Creating Strategic Partnerships",
          "script_file": "C:\\Users\\Imran A\\Documents\\coursia-final-mvp-design-1\\generated\\0c16f4ba-ff9a-42b3-8353-4f9b340f94d3\\lesson_3\\script_l3_v2.txt",
          "script_content": "In 'Creating Strategic Partnerships,' we will delve into how to cultivate mutually beneficial relationships that can elevate your career or business. Start by identifying potential partners that share your values and goals. Research their businesses and understand their needs. When approaching them, be clear about what you can offer in return. Propose collaboration ideas that align with both parties' objectives. Communication is key; maintain an open dialogue to ensure both sides are satisfied. Regularly evaluate the partnership's effectiveness and be willing to adapt as necessary. Remember, successful partnerships are built on trust, transparency, and shared success. By the end of this lesson, you will have the tools to build a powerful network that drives your success."
        }
      ],
      "quiz_file": "C:\\Users\\Imran A\\Documents\\coursia-final-mvp-design-1\\generated\\0c16f4ba-ff9a-42b3-8353-4f9b340f94d3\\lesson_3\\quiz.json",
      "workbook_file": "C:\\Users\\Imran A\\Documents\\coursia-final-mvp-design-1\\generated\\0c16f4ba-ff9a-42b3-8353-4f9b340f94d3\\lesson_3\\workbook.txt"
    },
    {
      "lesson_title": "Scaling Your Business Model",
      "videos": [
        {
          "title": "Systems and Processes for Growth",
          "script_file": "C:\\Users\\Imran A\\Documents\\coursia-final-mvp-design-1\\generated\\0c16f4ba-ff9a-42b3-8353-4f9b340f94d3\\lesson_4\\script_l4_v1.txt",
          "script_content": "Welcome to 'Scaling Your Business Model'. In this video, we'll explore the essential systems and processes that enable growth. First, let's understand the importance of standardizing operations. Standardization ensures consistency and efficiency in delivering your products or services. Next, we'll discuss automation. Implementing automation tools can save time and reduce human error. Consider tools like CRM systems, project management software, and marketing automation. Now, let's talk about scalability. Your business model should be designed to handle increased demand without a proportional increase in costs. This may involve outsourcing or leveraging technology. Finally, we’ll touch on performance metrics. Establish KPIs to measure growth and adjust your strategies as needed. Remember, successful scaling requires a strong foundation of systems and processes. Stay tuned for our next video on funding your vision!"
        },
        {
          "title": "Funding Your Vision: Investors and Beyond",
          "script_file": "C:\\Users\\Imran A\\Documents\\coursia-final-mvp-design-1\\generated\\0c16f4ba-ff9a-42b3-8353-4f9b340f94d3\\lesson_4\\script_l4_v2.txt",
          "script_content": "Welcome back to 'Scaling Your Business Model'. In this video, we will discuss how to fund your growth vision. First, identify your funding needs. Assess how much capital you require to scale and for what purposes. Next, let's explore various funding options. Traditional bank loans can provide capital but may require collateral. Angel investors and venture capitalists are another avenue, offering not just funds but also mentorship. Crowdfunding is a modern option that allows you to raise small amounts from many people. Consider grants and competitions as well. They can provide funds without equity loss. Lastly, prepare a compelling pitch. Investors need to see your vision clearly, so create a strong business plan that outlines your growth strategy, market potential, and financial forecasts. Thank you for joining us in this lesson on funding your vision."
        }
      ],
      "quiz_file": "C:\\Users\\Imran A\\Documents\\coursia-final-mvp-design-1\\generated\\0c16f4ba-ff9a-42b3-8353-4f9b340f94d3\\lesson_4\\quiz.json",
      "workbook_file": "C:\\Users\\Imran A\\Documents\\coursia-final-mvp-design-1\\generated\\0c16f4ba-ff9a-42b3-8353-4f9b340f94d3\\lesson_4\\workbook.txt"
    }
  ]
}