{
  "questions": [
    {
      "question": "What does SMART stand for?",
      "options": [
        "Specific, Measurable, Achievable, Relevant, Time-bound",
        "Simple, Manageable, Attainable, Realistic, Timely",
        "Strategic, Meaningful, Ambitious, Relevant, Tangible",
        "Sustainable, Meaningful, Achievable, Relevant, Timed"
      ],
      "answer": "A"
    },
    {
      "question": "What is a key characteristic of a growth mindset?",
      "options": [
        "Avoiding challenges",
        "Embracing feedback",
        "Believing abilities are fixed",
        "Focusing only on success"
      ],
      "answer": "B"
    },
    {
      "question": "What should you do when facing a challenging goal?",
      "options": [
        "Give up",
        "Embrace it as an opportunity",
        "Ignore it",
        "Delegate it to someone else"
      ],
      "answer": "B"
    }
  ]
}