{
  "course_title": "Journey to Paradise: Strengthening Your Faith and Understanding of the Quran",
  "course_description": "Empower yourself and your community by deepening your understanding of Islam and the Quran, guiding you toward a life that leads to paradise, insha'Allah.",
  "lessons": [
    {
      "lesson_title": "Embracing the Foundations of Faith",
      "videos": [
        {
          "title": "Understanding Tawheed",
          "script_file": "C:\\Users\\Imran A\\Documents\\coursia-final-mvp-design-1\\generated\\198b5c24-a5f0-40e2-bfcc-e4f74388cc59\\lesson_1\\script_l1_v1.txt",
          "script_content": "Welcome to our lesson on 'Embracing the Foundations of Faith'. Today, we will explore the concept of Tawheed, which is the oneness of Allah. Tawheed is the cornerstone of Islamic belief. It emphasizes the uniqueness and singularity of Allah. Understanding Tawheed means recognizing that there is no deity worthy of worship except Allah. We will discuss the three categories of Tawheed: Tawheed al-Rububiyyah, which is the belief in Allah's lordship; Tawheed al-Uluhiyyah, which pertains to the worship of Allah alone; and Tawheed al-Asma wa al-Sifat, which involves understanding Allah's names and attributes. Remember, embracing Tawheed leads to a deeper connection with Allah and strengthens our faith. Reflect on how Tawheed influences your daily life and relationship with Allah. Thank you for joining us in this vital exploration of faith."
        },
        {
          "title": "The Importance of Prayer (Salah)",
          "script_file": "C:\\Users\\Imran A\\Documents\\coursia-final-mvp-design-1\\generated\\198b5c24-a5f0-40e2-bfcc-e4f74388cc59\\lesson_1\\script_l1_v2.txt",
          "script_content": "In this segment, we will discuss the importance of Salah, or prayer, in Islam. Salah is not just a ritual; it is a direct link between the believer and Allah. Performing Salah five times a day is an obligation for every Muslim, reinforcing our faith and commitment. Each prayer serves as a reminder of our purpose and connection to the divine. Salah helps us cultivate discipline, humility, and gratitude. It is a moment to seek guidance and forgiveness. As you reflect on your prayer routine, consider how it impacts your life and spiritual growth. Make a commitment to enhance your Salah by focusing on its meanings and seeking a deeper connection with Allah. Thank you for being part of this essential discussion on the foundations of our faith."
        }
      ],
      "quiz_file": "C:\\Users\\Imran A\\Documents\\coursia-final-mvp-design-1\\generated\\198b5c24-a5f0-40e2-bfcc-e4f74388cc59\\lesson_1\\quiz.json",
      "workbook_file": "C:\\Users\\Imran A\\Documents\\coursia-final-mvp-design-1\\generated\\198b5c24-a5f0-40e2-bfcc-e4f74388cc59\\lesson_1\\workbook.txt"
    },
    {
      "lesson_title": "Navigating the Quran: Your Guide to Divine Wisdom",
      "videos": [
        {
          "title": "Introduction to Quranic Teachings",
          "script_file": "C:\\Users\\Imran A\\Documents\\coursia-final-mvp-design-1\\generated\\198b5c24-a5f0-40e2-bfcc-e4f74388cc59\\lesson_2\\script_l2_v1.txt",
          "script_content": "Welcome to 'Navigating the Quran: Your Guide to Divine Wisdom.' In this video, we will explore the fundamental teachings of the Quran. The Quran is not just a book; it is a guide that provides wisdom and direction for all aspects of life. We will discuss the key themes such as the oneness of God, the significance of prayer, and the importance of compassion and justice. As we delve into each theme, reflect on how these teachings can be applied in your daily life. Remember, understanding the Quran requires both intellectual engagement and spiritual reflection. Let's begin our journey into the divine wisdom of the Quran."
        },
        {
          "title": "How to Recite the Quran with Tajweed",
          "script_file": "C:\\Users\\Imran A\\Documents\\coursia-final-mvp-design-1\\generated\\198b5c24-a5f0-40e2-bfcc-e4f74388cc59\\lesson_2\\script_l2_v2.txt",
          "script_content": "In this video, we will learn how to recite the Quran with Tajweed, which is the art of recitation. Tajweed is essential for proper pronunciation and intonation. We will cover the rules of Tajweed, including the articulation points of letters, the characteristics of letters, and the rules of elongation. Pay close attention to how each letter is pronounced and practice along with me. Reciting with Tajweed enhances the beauty of the Quran and allows us to connect more deeply with its message. Let's practice together and perfect our recitation."
        }
      ],
      "quiz_file": "C:\\Users\\Imran A\\Documents\\coursia-final-mvp-design-1\\generated\\198b5c24-a5f0-40e2-bfcc-e4f74388cc59\\lesson_2\\quiz.json",
      "workbook_file": "C:\\Users\\Imran A\\Documents\\coursia-final-mvp-design-1\\generated\\198b5c24-a5f0-40e2-bfcc-e4f74388cc59\\lesson_2\\workbook.txt"
    },
    {
      "lesson_title": "Living Islam: Practical Steps for Everyday Life",
      "videos": [
        {
          "title": "Implementing Islamic Values at Home",
          "script_file": "C:\\Users\\Imran A\\Documents\\coursia-final-mvp-design-1\\generated\\198b5c24-a5f0-40e2-bfcc-e4f74388cc59\\lesson_3\\script_l3_v1.txt",
          "script_content": "Welcome to 'Implementing Islamic Values at Home'. In this video, we will explore practical steps to incorporate Islamic values into our daily family life. First, let's discuss the importance of prayer. Establish a routine for daily prayers with your family. Set aside time for each prayer, and encourage each member to participate. Next, focus on kindness and respect. Create a home environment where everyone feels valued. Use polite language, listen actively, and show appreciation for one another. Another key value is honesty. Teach children the importance of being truthful, even when it’s difficult. Share stories from the Quran that highlight these values. Finally, make time for family discussions about Islamic teachings. This can be during meals or family gatherings. Encourage open dialogue and questions. By incorporating these practices, we can create a home that reflects our Islamic beliefs and nurtures our family bonds."
        },
        {
          "title": "Charity and Community Service (Zakat)",
          "script_file": "C:\\Users\\Imran A\\Documents\\coursia-final-mvp-design-1\\generated\\198b5c24-a5f0-40e2-bfcc-e4f74388cc59\\lesson_3\\script_l3_v2.txt",
          "script_content": "Welcome to our discussion on 'Charity and Community Service (Zakat)'. In this video, we will learn how to actively engage in charity as part of our daily lives. Start by understanding the significance of Zakat. It is not just an obligation but a means to purify your wealth and support those in need. Calculate your Zakat accurately by determining your savings and assets. Consider setting aside a specific amount each month to ensure you’re contributing consistently. Next, explore local charities or community service opportunities. Volunteer your time or resources to help those less fortunate. Organize a charity drive within your community to collect donations for a cause you care about. Finally, involve your family in charitable activities. Teach children the value of giving by participating together in community service. This not only fulfills a religious obligation but also fosters empathy and compassion. Remember, charity is a powerful act that strengthens our community and brings us closer together."
        }
      ],
      "quiz_file": "C:\\Users\\Imran A\\Documents\\coursia-final-mvp-design-1\\generated\\198b5c24-a5f0-40e2-bfcc-e4f74388cc59\\lesson_3\\quiz.json",
      "workbook_file": "C:\\Users\\Imran A\\Documents\\coursia-final-mvp-design-1\\generated\\198b5c24-a5f0-40e2-bfcc-e4f74388cc59\\lesson_3\\workbook.txt"
    },
    {
      "lesson_title": "The Path to Paradise: A Spiritual Journey",
      "videos": [
        {
          "title": "Seeking Forgiveness and Repentance",
          "script_file": "C:\\Users\\Imran A\\Documents\\coursia-final-mvp-design-1\\generated\\198b5c24-a5f0-40e2-bfcc-e4f74388cc59\\lesson_4\\script_l4_v1.txt",
          "script_content": "Welcome to 'The Path to Paradise: A Spiritual Journey'. In this segment, we will explore the profound concepts of seeking forgiveness and repentance in Islam. Forgiveness is a core teaching of our faith. It allows us to cleanse our hearts and souls, drawing closer to Allah. Let's begin by understanding the importance of sincere repentance. True repentance, or Tawbah, requires three key elements: feeling genuine remorse for our actions, ceasing the sinful behavior, and making a firm intention not to return to it. Remember, Allah's mercy is boundless. He loves those who turn back to Him. As we seek forgiveness, we should also forgive others. This act of compassion reflects our understanding of Allah's mercy. In our next segment, we'll discuss practical steps to seek forgiveness in our daily lives, such as prayer, self-reflection, and seeking guidance from the Quran. Stay with us as we continue on this enlightening journey towards paradise."
        },
        {
          "title": "The Role of Good Deeds in Islam",
          "script_file": "C:\\Users\\Imran A\\Documents\\coursia-final-mvp-design-1\\generated\\198b5c24-a5f0-40e2-bfcc-e4f74388cc59\\lesson_4\\script_l4_v2.txt",
          "script_content": "Welcome back to 'The Path to Paradise: A Spiritual Journey'. In this video, we will delve into the role of good deeds in Islam. Good deeds are not just acts of kindness; they are vital for our spiritual growth and a means to attain Allah's pleasure. The Quran emphasizes the importance of actions, stating that those who believe and do righteous deeds will be rewarded. Let's explore some examples of good deeds. These include helping the needy, showing kindness to family, and engaging in community service. Each good deed brings us closer to paradise. It's essential to perform deeds with the right intention, seeking Allah's pleasure above all. We should also remember that even small acts, like a smile or a helping hand, can have a significant impact. As we conclude this segment, reflect on the good deeds you can incorporate into your life. Together, let us strive to fill our days with actions that will lead us to the ultimate paradise."
        }
      ],
      "quiz_file": "C:\\Users\\Imran A\\Documents\\coursia-final-mvp-design-1\\generated\\198b5c24-a5f0-40e2-bfcc-e4f74388cc59\\lesson_4\\quiz.json",
      "workbook_file": "C:\\Users\\Imran A\\Documents\\coursia-final-mvp-design-1\\generated\\198b5c24-a5f0-40e2-bfcc-e4f74388cc59\\lesson_4\\workbook.txt"
    }
  ]
}