{
  "course_title": "Scaling Your Freelance Business to Million-Dollar Success by 2030",
  "course_description": "Unlock the strategies and mindset needed to elevate your freelance business to a million-dollar venture by 2030.",
  "lessons": [
    {
      "lesson_title": "Visionary Mindset for Growth",
      "videos": [
        {
          "title": "Setting Ambitious Goals",
          "script_file": "C:\\Users\\Imran A\\Documents\\coursia-final-mvp-design-1\\generated\\ece2c8ed-8a86-4a55-81c9-8e40d005d35c\\lesson_1\\script_l1_v1.txt",
          "script_content": "Welcome to 'Visionary Mindset for Growth'. In this video, we will explore the importance of setting ambitious goals. Ambitious goals inspire us to stretch our limits and reach for new heights. To set an ambitious goal, start by identifying your core values and passions. Ask yourself: 'What excites me? What do I want to achieve in the next five years?' Write down your answers. Next, ensure your goals are SMART - Specific, Measurable, Achievable, Relevant, and Time-bound. For example, instead of saying 'I want to get fit', say 'I will run a half marathon in six months'. Finally, visualize your success. Picture yourself achieving your goals and the emotions that come with it. This visualization will fuel your motivation. Remember, ambitious goals require commitment and resilience. Let’s embrace the challenge and strive for greatness together."
        },
        {
          "title": "Cultivating a Growth Mindset",
          "script_file": "C:\\Users\\Imran A\\Documents\\coursia-final-mvp-design-1\\generated\\ece2c8ed-8a86-4a55-81c9-8e40d005d35c\\lesson_1\\script_l1_v2.txt",
          "script_content": "Welcome back! In this segment, we will discuss how to cultivate a growth mindset. A growth mindset is the belief that we can develop our abilities through dedication and hard work. To cultivate this mindset, start by embracing challenges. When faced with a difficult task, remind yourself that every challenge is an opportunity to learn and grow. Next, seek feedback. Constructive criticism is invaluable for improvement. Instead of shying away from it, welcome it with open arms. Additionally, celebrate small wins along the way. Acknowledging progress keeps you motivated. Finally, surround yourself with growth-minded individuals. Their positive attitude will inspire and encourage you. Remember, developing a growth mindset takes time and practice, but the rewards are limitless. Let’s commit to this journey of continuous improvement together."
        }
      ],
      "quiz_file": "C:\\Users\\Imran A\\Documents\\coursia-final-mvp-design-1\\generated\\ece2c8ed-8a86-4a55-81c9-8e40d005d35c\\lesson_1\\quiz.json",
      "workbook_file": "C:\\Users\\Imran A\\Documents\\coursia-final-mvp-design-1\\generated\\ece2c8ed-8a86-4a55-81c9-8e40d005d35c\\lesson_1\\workbook.txt"
    },
    {
      "lesson_title": "Building a Strong Brand Identity",
      "videos": [
        {
          "title": "Crafting Your Unique Value Proposition",
          "script_file": "C:\\Users\\Imran A\\Documents\\coursia-final-mvp-design-1\\generated\\ece2c8ed-8a86-4a55-81c9-8e40d005d35c\\lesson_2\\script_l2_v1.txt",
          "script_content": "Welcome to 'Crafting Your Unique Value Proposition.' In this video, we'll explore how to identify and articulate what sets your brand apart. Start by asking yourself: What problem does my brand solve? Next, consider your target audience. Who are they, and what do they value? Now, let's outline your unique features and benefits. Write down three key differentiators that highlight your value. Finally, craft a clear statement that combines these elements. For example, 'We provide eco-friendly products that save time and money for busy families.' Remember, your value proposition should resonate with your audience and be easy to understand. Keep refining it until it feels authentic and compelling. Thank you for joining this segment! Let's move on to the next video."
        },
        {
          "title": "Designing a Memorable Brand",
          "script_file": "C:\\Users\\Imran A\\Documents\\coursia-final-mvp-design-1\\generated\\ece2c8ed-8a86-4a55-81c9-8e40d005d35c\\lesson_2\\script_l2_v2.txt",
          "script_content": "Welcome to 'Designing a Memorable Brand.' In this video, we're going to focus on the visual aspects of your brand identity. Start with your logo; it should reflect your values and be easily recognizable. Choose a color palette that evokes the emotions you want associated with your brand. For instance, blue can convey trust, while yellow can signify optimism. Next, select fonts that are legible and align with your brand personality. Create a mood board to visualize these elements together. Finally, ensure consistency across all platforms—your website, social media, and packaging should all have a cohesive look. Remember, a strong brand identity not only attracts customers but also fosters loyalty. Thank you for watching, and let's build a brand that stands out!"
        }
      ],
      "quiz_file": "C:\\Users\\Imran A\\Documents\\coursia-final-mvp-design-1\\generated\\ece2c8ed-8a86-4a55-81c9-8e40d005d35c\\lesson_2\\quiz.json",
      "workbook_file": "C:\\Users\\Imran A\\Documents\\coursia-final-mvp-design-1\\generated\\ece2c8ed-8a86-4a55-81c9-8e40d005d35c\\lesson_2\\workbook.txt"
    },
    {
      "lesson_title": "Effective Client Acquisition Strategies",
      "videos": [
        {
          "title": "Leveraging Social Media for Leads",
          "script_file": "C:\\Users\\Imran A\\Documents\\coursia-final-mvp-design-1\\generated\\ece2c8ed-8a86-4a55-81c9-8e40d005d35c\\lesson_3\\script_l3_v1.txt",
          "script_content": "Welcome to 'Leveraging Social Media for Leads.' In today's digital age, social media is a powerful tool for client acquisition. First, identify your target audience and choose the right platforms. For example, LinkedIn is great for B2B connections, while Instagram excels for visually-driven businesses. Next, create valuable content that resonates with your audience. This could be blog posts, infographics, or videos. Engage with your audience by responding to comments and messages promptly. Don't forget to use relevant hashtags to increase your visibility. Finally, consider running targeted ads to reach a larger audience. Remember, consistency is key. Schedule regular posts and interact with your followers to build relationships. Start leveraging social media today to generate more leads and grow your client base!"
        },
        {
          "title": "Networking Like a Pro",
          "script_file": "C:\\Users\\Imran A\\Documents\\coursia-final-mvp-design-1\\generated\\ece2c8ed-8a86-4a55-81c9-8e40d005d35c\\lesson_3\\script_l3_v2.txt",
          "script_content": "Welcome to 'Networking Like a Pro.' Networking is essential for effective client acquisition. Begin by identifying networking opportunities in your industry, such as conferences, workshops, or local meetups. Prepare your elevator pitch, a concise introduction that outlines who you are and what you do. When networking, focus on building genuine relationships rather than just selling. Listen actively and ask questions to show your interest. Follow up with new contacts after the event, whether through email or social media. Consider offering value, like sharing a helpful resource or article. Remember, networking is about creating a supportive community, so always be willing to help others as well. By networking effectively, you can expand your reach and attract new clients."
        }
      ],
      "quiz_file": "C:\\Users\\Imran A\\Documents\\coursia-final-mvp-design-1\\generated\\ece2c8ed-8a86-4a55-81c9-8e40d005d35c\\lesson_3\\quiz.json",
      "workbook_file": "C:\\Users\\Imran A\\Documents\\coursia-final-mvp-design-1\\generated\\ece2c8ed-8a86-4a55-81c9-8e40d005d35c\\lesson_3\\workbook.txt"
    },
    {
      "lesson_title": "Scaling Operations and Maximizing Profits",
      "videos": [
        {
          "title": "Automating Your Freelance Business",
          "script_file": "C:\\Users\\Imran A\\Documents\\coursia-final-mvp-design-1\\generated\\ece2c8ed-8a86-4a55-81c9-8e40d005d35c\\lesson_4\\script_l4_v1.txt",
          "script_content": "Welcome to 'Automating Your Freelance Business.' In today's video, we will explore how automation can streamline your operations and increase your profitability. First, identify repetitive tasks in your workflow. These might include invoicing, email responses, or social media posting. Next, consider tools like Zapier or IFTTT to connect your apps and automate these tasks. For example, you can set up a Zap that automatically sends a thank-you email after a client makes a payment. This not only saves you time but also enhances customer satisfaction. Remember to regularly review your automation processes to ensure they are efficient and effective. Now, let's move on to setting up your first automation. Log into your chosen tool and follow the prompts to create a workflow that suits your needs. By the end of this video, you should have at least one automated task in place. Let's get started!"
        },
        {
          "title": "Outsourcing for Efficiency",
          "script_file": "C:\\Users\\Imran A\\Documents\\coursia-final-mvp-design-1\\generated\\ece2c8ed-8a86-4a55-81c9-8e40d005d35c\\lesson_4\\script_l4_v2.txt",
          "script_content": "Welcome to 'Outsourcing for Efficiency.' In this video, we will discuss how to effectively outsource tasks to maximize your business efficiency. Begin by identifying tasks that are time-consuming but do not require your specific expertise. This could include graphic design, bookkeeping, or content writing. Once you have a list, research platforms like Upwork or Fiverr to find freelancers who can take on these tasks. When outsourcing, provide clear instructions and set expectations to ensure quality work. Additionally, consider starting with a small project to evaluate the freelancer's capabilities. Remember, effective communication is key to a successful outsourcing relationship. By the end of this video, you should feel confident in your ability to delegate tasks and focus on growing your business. Let's dive in!"
        }
      ],
      "quiz_file": "C:\\Users\\Imran A\\Documents\\coursia-final-mvp-design-1\\generated\\ece2c8ed-8a86-4a55-81c9-8e40d005d35c\\lesson_4\\quiz.json",
      "workbook_file": "C:\\Users\\Imran A\\Documents\\coursia-final-mvp-design-1\\generated\\ece2c8ed-8a86-4a55-81c9-8e40d005d35c\\lesson_4\\workbook.txt"
    }
  ]
}