{
  "course_title": "Unlocking Y Combinator: Your Path to Acceptance",
  "course_description": "Discover the strategies and insights needed to successfully apply and gain acceptance into Y Combinator, one of the most prestigious startup accelerators.",
  "lessons": [
    {
      "lesson_title": "Understanding Y Combinator: The Accelerator Advantage",
      "videos": [
        {
          "title": "What is Y Combinator?",
          "script_file": "C:\\Users\\Imran A\\Documents\\coursia-final-mvp-design-1\\generated\\8052ea5c-e802-44ae-b6e2-e9d5d79c23ab\\lesson_1\\script_l1_v1.txt",
          "script_content": "Welcome to our lesson on 'Understanding Y Combinator: The Accelerator Advantage.' In this video, we will explore what Y Combinator is and how it functions as a startup accelerator. Founded in 2005, Y Combinator has funded over 2,000 startups, including notable companies like Airbnb, Dropbox, and Reddit. The core idea behind Y Combinator is to provide early-stage companies with seed funding, mentorship, and resources necessary to grow. The program typically runs twice a year, during which selected startups receive an investment in exchange for a small percentage of equity. Participants also benefit from a structured program that includes weekly dinners with successful entrepreneurs and investors, offering invaluable networking opportunities. In summary, Y Combinator not only provides financial support but also fosters a community and ecosystem that aids startups in navigating the challenges of early growth. Next, we will discuss the broader impact of accelerator programs like Y Combinator on the startup landscape and the advantages they provide."
        },
        {
          "title": "The Impact of Accelerator Programs",
          "script_file": "C:\\Users\\Imran A\\Documents\\coursia-final-mvp-design-1\\generated\\8052ea5c-e802-44ae-b6e2-e9d5d79c23ab\\lesson_1\\script_l1_v2.txt",
          "script_content": "In this video, we will examine the impact of accelerator programs, specifically focusing on Y Combinator. Accelerator programs have revolutionized the way startups are launched and scaled. They provide not just funding, but also mentorship, networking, and resources that are crucial for early-stage companies. Startups that participate in these programs often report increased chances of success due to the structured guidance they receive. For instance, Y Combinator’s rigorous selection process ensures that only the most promising ideas are funded. Furthermore, the community aspect of these programs allows entrepreneurs to share experiences and learn from each other. As a result, many graduates of Y Combinator go on to achieve significant milestones, attracting further investment and scaling their operations effectively. In conclusion, the accelerator advantage is clear: it equips startups with the tools and knowledge needed for long-term success in a competitive market."
        }
      ],
      "quiz_file": "C:\\Users\\Imran A\\Documents\\coursia-final-mvp-design-1\\generated\\8052ea5c-e802-44ae-b6e2-e9d5d79c23ab\\lesson_1\\quiz.json",
      "workbook_file": "C:\\Users\\Imran A\\Documents\\coursia-final-mvp-design-1\\generated\\8052ea5c-e802-44ae-b6e2-e9d5d79c23ab\\lesson_1\\workbook.txt"
    },
    {
      "lesson_title": "Crafting the Perfect Application",
      "videos": [
        {
          "title": "Key Components of a Winning Application",
          "script_file": "C:\\Users\\Imran A\\Documents\\coursia-final-mvp-design-1\\generated\\8052ea5c-e802-44ae-b6e2-e9d5d79c23ab\\lesson_2\\script_l2_v1.txt",
          "script_content": "Welcome to 'Crafting the Perfect Application.' In this video, we'll explore the key components that make an application stand out. First, let's talk about the importance of a strong personal statement. This should reflect your unique experiences and aspirations. Next, ensure your resume is not only comprehensive but tailored to the position you're applying for. Highlight relevant experiences and skills. Don't forget about recommendations; choose individuals who can speak to your strengths. Finally, proofread your application meticulously. Spelling or grammatical errors can undermine your professionalism. Remember, your application is your first impression—make it count!"
        },
        {
          "title": "Common Mistakes to Avoid",
          "script_file": "C:\\Users\\Imran A\\Documents\\coursia-final-mvp-design-1\\generated\\8052ea5c-e802-44ae-b6e2-e9d5d79c23ab\\lesson_2\\script_l2_v2.txt",
          "script_content": "In this video, we're going to discuss common mistakes to avoid when crafting your application. One major mistake is applying without customizing your materials for each opportunity. Generic applications often fall flat. Another pitfall is overlooking the guidelines provided by the organization—always follow their instructions. Additionally, avoid using jargon or overly complex language; clarity is key. Lastly, don't neglect the importance of deadlines. Submitting late can disqualify you, regardless of how strong your application is. Stay organized and proactive to avoid these common traps!"
        }
      ],
      "quiz_file": "C:\\Users\\Imran A\\Documents\\coursia-final-mvp-design-1\\generated\\8052ea5c-e802-44ae-b6e2-e9d5d79c23ab\\lesson_2\\quiz.json",
      "workbook_file": "C:\\Users\\Imran A\\Documents\\coursia-final-mvp-design-1\\generated\\8052ea5c-e802-44ae-b6e2-e9d5d79c23ab\\lesson_2\\workbook.txt"
    },
    {
      "lesson_title": "Mastering Your Pitch: Storytelling for Success",
      "videos": [
        {
          "title": "The Art of Pitching",
          "script_file": "C:\\Users\\Imran A\\Documents\\coursia-final-mvp-design-1\\generated\\8052ea5c-e802-44ae-b6e2-e9d5d79c23ab\\lesson_3\\script_l3_v1.txt",
          "script_content": "Welcome to 'The Art of Pitching'. In this video, we will explore the essential elements of a successful pitch. First, understand your audience; tailor your message to resonate with them. Next, start with a hook – a captivating story or fact that grabs attention. Clearly outline the problem your product solves and present your solution compellingly. Use visuals to enhance your narrative. Finally, practice your delivery; confidence is key. Remember, storytelling is not just about what you say, but how you say it. Let's dive deeper into these elements as we move forward."
        },
        {
          "title": "Engaging Investors with Your Story",
          "script_file": "C:\\Users\\Imran A\\Documents\\coursia-final-mvp-design-1\\generated\\8052ea5c-e802-44ae-b6e2-e9d5d79c23ab\\lesson_3\\script_l3_v2.txt",
          "script_content": "Welcome to 'Engaging Investors with Your Story'. In this video, we will focus on how to connect with investors through storytelling. Begin by sharing your personal journey; authenticity builds trust. Highlight key achievements and milestones that showcase your progress. Use data and anecdotes to illustrate your points, making your pitch relatable. Encourage questions to foster engagement. Lastly, end with a strong call to action, inviting investors to join your journey. Remember, a great pitch is a conversation, not a monologue. Let's get started!"
        }
      ],
      "quiz_file": "C:\\Users\\Imran A\\Documents\\coursia-final-mvp-design-1\\generated\\8052ea5c-e802-44ae-b6e2-e9d5d79c23ab\\lesson_3\\quiz.json",
      "workbook_file": "C:\\Users\\Imran A\\Documents\\coursia-final-mvp-design-1\\generated\\8052ea5c-e802-44ae-b6e2-e9d5d79c23ab\\lesson_3\\workbook.txt"
    },
    {
      "lesson_title": "Preparing for the Interview: Strategies for Success",
      "videos": [
        {
          "title": "What to Expect in the Y Combinator Interview",
          "script_file": "C:\\Users\\Imran A\\Documents\\coursia-final-mvp-design-1\\generated\\8052ea5c-e802-44ae-b6e2-e9d5d79c23ab\\lesson_4\\script_l4_v1.txt",
          "script_content": "Welcome to our lesson on Preparing for the Interview: Strategies for Success. In this video, we will discuss what to expect in the Y Combinator interview. First, understand that the interview is typically short, around 10 minutes, and highly focused. You will meet with partners who are looking for clear, concise answers. Be prepared to articulate your startup idea, why it matters, and how you plan to execute it. Remember to practice your pitch, keeping it under two minutes. Expect questions about your business model, competition, and team dynamics. They might also probe into your personal motivations and commitment. Stay calm, listen carefully, and respond thoughtfully. Lastly, be ready to engage in a dialogue; they appreciate candidates who can think on their feet. Good luck, and let’s move on to the next video where we will cover how to answer tough questions."
        },
        {
          "title": "How to Answer Tough Questions",
          "script_file": "C:\\Users\\Imran A\\Documents\\coursia-final-mvp-design-1\\generated\\8052ea5c-e802-44ae-b6e2-e9d5d79c23ab\\lesson_4\\script_l4_v2.txt",
          "script_content": "Welcome back! Now that we have discussed what to expect in the Y Combinator interview, let’s talk about how to answer tough questions. First, remember to take a moment to breathe before responding. It’s okay to pause and think. When faced with a challenging question, use the STAR method: Situation, Task, Action, Result. This framework helps structure your answer clearly. For example, if asked about a failure, describe the situation, what your task was, the action you took, and the result. Be honest about your experiences; showing vulnerability can build rapport. Additionally, practice common tough questions such as 'What are your weaknesses?' or 'Why should we invest in you?' Have your answers ready but remain flexible to adapt based on the flow of conversation. Lastly, always end your answers by tying back to your passion for the project and your vision for the future. Thank you for joining this lesson, and best of luck in your interviews!"
        }
      ],
      "quiz_file": "C:\\Users\\Imran A\\Documents\\coursia-final-mvp-design-1\\generated\\8052ea5c-e802-44ae-b6e2-e9d5d79c23ab\\lesson_4\\quiz.json",
      "workbook_file": "C:\\Users\\Imran A\\Documents\\coursia-final-mvp-design-1\\generated\\8052ea5c-e802-44ae-b6e2-e9d5d79c23ab\\lesson_4\\workbook.txt"
    }
  ]
}