{
  "course_title": "Backflip Breakthrough: Your 30-Day Challenge",
  "course_description": "Transform your acrobatic skills and learn how to perform a backflip confidently within 30 days.",
  "lessons": [
    {
      "lesson_title": "Preparing Your Body for Launch",
      "videos": [
        {
          "title": "Warm-Up Essentials for Backflips",
          "script_file": "C:\\Users\\Imran A\\Documents\\coursia-final-mvp-design-1\\generated\\0065eb34-4237-41cb-9774-4a57a606703e\\lesson_1\\script_l1_v1.txt",
          "script_content": "Welcome to 'Warm-Up Essentials for Backflips'. In this video, we will focus on warming up your body to prepare for backflips. Start with a light jog in place for 2 minutes to increase your heart rate. Next, perform dynamic stretches: arm circles for 30 seconds, followed by leg swings, 15 seconds each leg. Now, let's move to the back extension stretch. Lie on your stomach, place your hands under your shoulders, and push up gently, holding for 15 seconds. Repeat this 3 times. Finally, let's do some shoulder dislocates with a resistance band or broomstick. Hold it wide and rotate it over your head, repeating this 10 times. Remember, a proper warm-up can prevent injuries and enhance performance. Let's get ready to flip! "
        },
        {
          "title": "Strengthening Your Core for Stability",
          "script_file": "C:\\Users\\Imran A\\Documents\\coursia-final-mvp-design-1\\generated\\0065eb34-4237-41cb-9774-4a57a606703e\\lesson_1\\script_l1_v2.txt",
          "script_content": "Welcome back to 'Strengthening Your Core for Stability'. A strong core is essential for executing backflips safely. Start with a plank position, hold for 30 seconds, focusing on keeping your body straight. Next, do 15 Russian twists, keeping your feet off the ground for added difficulty. Follow this with 10 hanging leg raises; if you can’t hang, do lying leg raises on the ground. Now, let's move to 15 bicycle crunches to target those obliques. Finally, finish with a 30-second boat pose to engage your entire core. A strong core will not only help your backflips but also improve your overall athletic performance. Stay strong and keep practicing!"
        }
      ],
      "quiz_file": "C:\\Users\\Imran A\\Documents\\coursia-final-mvp-design-1\\generated\\0065eb34-4237-41cb-9774-4a57a606703e\\lesson_1\\quiz.json",
      "workbook_file": "C:\\Users\\Imran A\\Documents\\coursia-final-mvp-design-1\\generated\\0065eb34-4237-41cb-9774-4a57a606703e\\lesson_1\\workbook.txt"
    },
    {
      "lesson_title": "Mastering the Fundamentals: The Backflip Breakdown",
      "videos": [
        {
          "title": "Understanding the Mechanics of a Backflip",
          "script_file": "C:\\Users\\Imran A\\Documents\\coursia-final-mvp-design-1\\generated\\0065eb34-4237-41cb-9774-4a57a606703e\\lesson_2\\script_l2_v1.txt",
          "script_content": "Welcome to 'Mastering the Fundamentals: The Backflip Breakdown'. In this video, we'll dive into the mechanics of a backflip. First, let's understand the importance of body position. When you initiate the flip, your head should tuck, and your knees should pull towards your chest. This creates a compact shape that allows for faster rotation. Next, focus on the role of your arms. Swing them upward and then downward to generate momentum. Remember, the takeoff is crucial; you need to push off the ground with strong legs. Lastly, practice visualization. Imagine yourself completing the flip successfully. This mental preparation is key to building confidence. Now, let’s move on to the key techniques for a perfect takeoff in the next video."
        },
        {
          "title": "Key Techniques for a Perfect Takeoff",
          "script_file": "C:\\Users\\Imran A\\Documents\\coursia-final-mvp-design-1\\generated\\0065eb34-4237-41cb-9774-4a57a606703e\\lesson_2\\script_l2_v2.txt",
          "script_content": "Welcome back! In this video, we will explore the key techniques for a perfect takeoff in your backflip. The takeoff starts with your feet shoulder-width apart. Bend your knees and lower your hips to gather strength. As you explode upwards, swing your arms overhead to create upward momentum. It’s essential to push through your toes at the moment of takeoff to maximize height. Remember to keep your core tight to maintain balance during your ascent. After takeoff, quickly tuck your knees to your chest to initiate the flip. Practice this motion repeatedly to develop muscle memory. Now that you understand the mechanics and techniques, it's time to practice safely. Always use a mat and start with low heights. Good luck, and keep practicing!"
        }
      ],
      "quiz_file": "C:\\Users\\Imran A\\Documents\\coursia-final-mvp-design-1\\generated\\0065eb34-4237-41cb-9774-4a57a606703e\\lesson_2\\quiz.json",
      "workbook_file": "C:\\Users\\Imran A\\Documents\\coursia-final-mvp-design-1\\generated\\0065eb34-4237-41cb-9774-4a57a606703e\\lesson_2\\workbook.txt"
    },
    {
      "lesson_title": "Practicing with Confidence: Safe Drills",
      "videos": [
        {
          "title": "Progressive Drills for Backflip Success",
          "script_file": "C:\\Users\\Imran A\\Documents\\coursia-final-mvp-design-1\\generated\\0065eb34-4237-41cb-9774-4a57a606703e\\lesson_3\\script_l3_v1.txt",
          "script_content": "Welcome to 'Practicing with Confidence: Safe Drills.' In this video, we will focus on progressive drills to achieve your backflip successfully. We'll start with basic jumps to build your comfort level. Begin with a standing jump, focusing on your takeoff. Remember to keep your arms strong and your core engaged. Next, let's progress to a back handspring to introduce the backward motion. Ensure you have a soft surface or mat to practice on. As you feel more comfortable, try adding a back tuck by jumping slightly higher. Always visualize your landing and keep practicing these steps until you feel confident. Remember, safety first! Use a spotter if you can, and never rush the process. Now, let’s move on to the next drill."
        },
        {
          "title": "Using Spotting Techniques for Safety",
          "script_file": "C:\\Users\\Imran A\\Documents\\coursia-final-mvp-design-1\\generated\\0065eb34-4237-41cb-9774-4a57a606703e\\lesson_3\\script_l3_v2.txt",
          "script_content": "In this video, we will discuss how to use spotting techniques for safety while practicing your backflip. Spotting is crucial for preventing injuries. First, find a trusted partner who can spot you. They should stand behind you, ready to catch you if necessary. As you begin your backflip, focus on your jump and the rotation. Your spotter should keep their hands close to your waist to provide support without interfering with your movement. Always communicate with your spotter about your intentions and comfort levels. Practice this drill multiple times, gradually increasing your confidence in your ability to rotate and land safely. Remember, the goal is to practice with confidence while ensuring your safety."
        }
      ],
      "quiz_file": "C:\\Users\\Imran A\\Documents\\coursia-final-mvp-design-1\\generated\\0065eb34-4237-41cb-9774-4a57a606703e\\lesson_3\\quiz.json",
      "workbook_file": "C:\\Users\\Imran A\\Documents\\coursia-final-mvp-design-1\\generated\\0065eb34-4237-41cb-9774-4a57a606703e\\lesson_3\\workbook.txt"
    },
    {
      "lesson_title": "Executing the Perfect Backflip",
      "videos": [
        {
          "title": "Final Tips for Your First Backflip",
          "script_file": "C:\\Users\\Imran A\\Documents\\coursia-final-mvp-design-1\\generated\\0065eb34-4237-41cb-9774-4a57a606703e\\lesson_4\\script_l4_v1.txt",
          "script_content": "Welcome to 'Executing the Perfect Backflip'. In this video, we'll share final tips to help you successfully perform your first backflip. First, ensure you have a safe environment, like a gym mat or soft grass. Next, start with a strong jump; use your legs to push off the ground with power. As you jump, pull your knees to your chest to create a tight tuck. Remember to look back as you rotate, which will help you spot your landing. Finally, practice your landing by extending your legs and preparing to absorb the impact. Consistency is key, so don’t get discouraged if it takes time. Now, let’s get ready to flip! Stay tuned for more tips in the next video."
        },
        {
          "title": "Common Mistakes and How to Avoid Them",
          "script_file": "C:\\Users\\Imran A\\Documents\\coursia-final-mvp-design-1\\generated\\0065eb34-4237-41cb-9774-4a57a606703e\\lesson_4\\script_l4_v2.txt",
          "script_content": "In this video, we will discuss common mistakes when attempting a backflip and how to avoid them. One common mistake is not jumping high enough; make sure to focus on your vertical leap. Another issue is over-rotating, which can lead to falls. Remember to keep your body tight and control your rotation. Additionally, avoid looking down during your flip; instead, gaze back to help maintain orientation. Lastly, don’t forget to practice your landing; a solid landing will prevent injuries. By keeping these points in mind, you can improve your technique and execute the perfect backflip!"
        }
      ],
      "quiz_file": "C:\\Users\\Imran A\\Documents\\coursia-final-mvp-design-1\\generated\\0065eb34-4237-41cb-9774-4a57a606703e\\lesson_4\\quiz.json",
      "workbook_file": "C:\\Users\\Imran A\\Documents\\coursia-final-mvp-design-1\\generated\\0065eb34-4237-41cb-9774-4a57a606703e\\lesson_4\\workbook.txt"
    }
  ]
}