{
  "course_title": "Scaling Your Freelance Business to Million-Dollar Success",
  "course_description": "Unlock strategies and insights to elevate your freelance business and achieve financial freedom.",
  "lessons": [
    {
      "lesson_title": "Building Your Million-Dollar Mindset",
      "videos": [
        {
          "title": "Cultivating an Entrepreneurial Mindset",
          "script_file": "C:\\Users\\Imran A\\Documents\\coursia-final-mvp-design-1\\generated\\50f20ca9-eb5e-4886-b72b-615e09911b87\\lesson_1\\script_l1_v1.txt",
          "script_content": "Welcome to 'Building Your Million-Dollar Mindset.' In this video, we'll explore how to cultivate an entrepreneurial mindset. First, let's define what an entrepreneurial mindset is. It’s about being proactive, adaptable, and resilient. To develop this mindset, start by setting clear goals. Write down your long-term vision and break it into smaller, achievable milestones. Next, embrace failure as a learning opportunity. Reflect on past setbacks and identify what lessons you can extract from them. Surround yourself with like-minded individuals who inspire and challenge you. Engage in continuous learning; read books, attend workshops, and seek mentorship. Lastly, practice gratitude daily. Acknowledge your progress and celebrate small wins. By nurturing these habits, you can build a mindset that attracts success and wealth. Thank you for watching, and let's move on to the next video."
        },
        {
          "title": "Overcoming Limiting Beliefs",
          "script_file": "C:\\Users\\Imran A\\Documents\\coursia-final-mvp-design-1\\generated\\50f20ca9-eb5e-4886-b72b-615e09911b87\\lesson_1\\script_l1_v2.txt",
          "script_content": "Welcome back! In this video, we will focus on overcoming limiting beliefs. Limiting beliefs are the thoughts that hold you back from reaching your full potential. The first step to overcoming them is to identify what they are. Take a moment to write down any negative thoughts you have about your abilities or worth. Next, challenge these beliefs. Ask yourself: Is this thought really true? What evidence do I have to support or refute it? Replace limiting beliefs with empowering affirmations. For example, change 'I can't succeed' to 'I have the skills and determination to succeed.' Visualize your success; imagine yourself achieving your goals and the feelings associated with that success. Lastly, take action despite your fears. Start small, and with each step, you’ll build confidence. Remember, your mindset shapes your reality. Thank you for joining me in this journey to build a million-dollar mindset."
        }
      ],
      "quiz_file": "C:\\Users\\Imran A\\Documents\\coursia-final-mvp-design-1\\generated\\50f20ca9-eb5e-4886-b72b-615e09911b87\\lesson_1\\quiz.json",
      "workbook_file": "C:\\Users\\Imran A\\Documents\\coursia-final-mvp-design-1\\generated\\50f20ca9-eb5e-4886-b72b-615e09911b87\\lesson_1\\workbook.txt"
    },
    {
      "lesson_title": "Attracting High-Value Clients",
      "videos": [
        {
          "title": "Identifying Your Ideal Client",
          "script_file": "C:\\Users\\Imran A\\Documents\\coursia-final-mvp-design-1\\generated\\50f20ca9-eb5e-4886-b72b-615e09911b87\\lesson_2\\script_l2_v1.txt",
          "script_content": "Welcome to 'Identifying Your Ideal Client.' In this video, we will explore the essential steps to pinpointing the high-value clients who resonate with your business. Start by reflecting on your current clientele. Who are your favorite clients? What common traits do they share? Next, analyze their demographics—age, location, and income level. Now, consider their psychographics; what are their interests, values, and challenges? Create an ideal client avatar by compiling this information into a detailed profile. Lastly, think about where these clients hang out—both online and offline. Understanding these aspects will help you attract and engage with your ideal clients effectively. Remember, clarity in your target audience leads to more effective marketing and higher conversion rates. Let's move on to the next video!"
        },
        {
          "title": "Crafting Irresistible Offers",
          "script_file": "C:\\Users\\Imran A\\Documents\\coursia-final-mvp-design-1\\generated\\50f20ca9-eb5e-4886-b72b-615e09911b87\\lesson_2\\script_l2_v2.txt",
          "script_content": "Welcome to 'Crafting Irresistible Offers.' In this video, we will learn how to create offers that high-value clients cannot refuse. First, identify the key pain points of your ideal clients. What problems do they need solving? Next, design your offer to address these specific needs. Make sure to include unique features that differentiate your service from competitors. Consider adding bonuses or limited-time incentives to create urgency. Use compelling language that speaks directly to your ideal clients’ aspirations. Lastly, ensure that your offer has a clear call-to-action, guiding them on how to proceed. Remember, a well-crafted offer not only attracts high-value clients but also builds trust and credibility in your brand. Now you're ready to implement these strategies!"
        }
      ],
      "quiz_file": "C:\\Users\\Imran A\\Documents\\coursia-final-mvp-design-1\\generated\\50f20ca9-eb5e-4886-b72b-615e09911b87\\lesson_2\\quiz.json",
      "workbook_file": "C:\\Users\\Imran A\\Documents\\coursia-final-mvp-design-1\\generated\\50f20ca9-eb5e-4886-b72b-615e09911b87\\lesson_2\\workbook.txt"
    },
    {
      "lesson_title": "Streamlining Your Services for Growth",
      "videos": [
        {
          "title": "Creating Scalable Service Packages",
          "script_file": "C:\\Users\\Imran A\\Documents\\coursia-final-mvp-design-1\\generated\\50f20ca9-eb5e-4886-b72b-615e09911b87\\lesson_3\\script_l3_v1.txt",
          "script_content": "Welcome to our lesson on Streamlining Your Services for Growth. In this video, we'll explore how to create scalable service packages that can help you expand your business without sacrificing quality. First, identify your most popular services. Ask yourself, which services do clients request the most? Once you have this information, think about how you can package these services together. For example, if you offer social media management, consider bundling it with content creation and analytics reporting. Next, establish clear pricing for each package. Clients appreciate transparency, so make sure your pricing reflects the value they will receive. Finally, promote your service packages through your website and social media channels. Highlight the benefits and convenience they offer. By creating scalable service packages, you can attract more clients while maintaining a high level of service. Stay tuned for the next video on automating your workflow."
        },
        {
          "title": "Automating Your Workflow",
          "script_file": "C:\\Users\\Imran A\\Documents\\coursia-final-mvp-design-1\\generated\\50f20ca9-eb5e-4886-b72b-615e09911b87\\lesson_3\\script_l3_v2.txt",
          "script_content": "Welcome back! In this video, we're diving into automating your workflow to streamline your services for growth. Automation is key to saving time and reducing errors. Start by identifying repetitive tasks in your business. These could include client onboarding, invoice processing, or follow-up emails. Once you’ve identified these tasks, explore automation tools that can help. For instance, use a CRM system to automate client communications or a project management tool to keep track of deadlines and deliverables. Next, set up templates for emails and documents to save time on writing. Remember to regularly review and refine your automated processes to ensure they are effective. By automating your workflow, you free up valuable time to focus on growth strategies. Thanks for watching, and let's implement these strategies to streamline your services."
        }
      ],
      "quiz_file": "C:\\Users\\Imran A\\Documents\\coursia-final-mvp-design-1\\generated\\50f20ca9-eb5e-4886-b72b-615e09911b87\\lesson_3\\quiz.json",
      "workbook_file": "C:\\Users\\Imran A\\Documents\\coursia-final-mvp-design-1\\generated\\50f20ca9-eb5e-4886-b72b-615e09911b87\\lesson_3\\workbook.txt"
    },
    {
      "lesson_title": "Marketing Strategies for Maximum Reach",
      "videos": [
        {
          "title": "Leveraging Social Media for Exposure",
          "script_file": "C:\\Users\\Imran A\\Documents\\coursia-final-mvp-design-1\\generated\\50f20ca9-eb5e-4886-b72b-615e09911b87\\lesson_4\\script_l4_v1.txt",
          "script_content": "Welcome to 'Leveraging Social Media for Exposure.' In this video, we will explore how to use various social media platforms to maximize your marketing reach. First, identify your target audience. Knowing who you want to reach will help you tailor your content effectively. Next, choose the right platforms. Not all social media sites are created equal; focus on those where your audience spends the most time. Create engaging content; use visuals, videos, and compelling copy to grab attention. Consistency is key; post regularly to keep your audience engaged. Finally, analyze your performance; use analytics tools to track engagement and adjust your strategies accordingly. Remember, social media is about interaction, so engage with your audience to build relationships. Let's get started! "
        },
        {
          "title": "Building a Personal Brand that Sells",
          "script_file": "C:\\Users\\Imran A\\Documents\\coursia-final-mvp-design-1\\generated\\50f20ca9-eb5e-4886-b72b-615e09911b87\\lesson_4\\script_l4_v2.txt",
          "script_content": "Welcome to 'Building a Personal Brand that Sells.' In this video, we will discuss how to create a personal brand that resonates with your audience. First, define your brand identity. Consider what makes you unique and how you want to be perceived. Next, create a strong online presence; use websites, social media, and content marketing to showcase your expertise. Authenticity matters; be genuine in your interactions and share your personal story. Network strategically; connect with influencers and engage in communities related to your niche. Finally, leverage testimonials and case studies to build credibility. A strong personal brand can significantly enhance your marketing efforts. Let's dive in!"
        }
      ],
      "quiz_file": "C:\\Users\\Imran A\\Documents\\coursia-final-mvp-design-1\\generated\\50f20ca9-eb5e-4886-b72b-615e09911b87\\lesson_4\\quiz.json",
      "workbook_file": "C:\\Users\\Imran A\\Documents\\coursia-final-mvp-design-1\\generated\\50f20ca9-eb5e-4886-b72b-615e09911b87\\lesson_4\\workbook.txt"
    }
  ]
}