{
  "course_title": "The Art of Laughter: Unlocking Joy and Connection",
  "course_description": "Explore the transformative power of laughter and learn how to use humor to enhance relationships and improve well-being.",
  "lessons": [
    {
      "lesson_title": "The Science Behind Laughter",
      "videos": [
        {
          "title": "Why We Laugh: The Biology of Humor",
          "script_file": "C:\\Users\\Imran A\\Documents\\coursia-final-mvp-design-1\\generated\\4e4dc75b-2d84-489d-ae4d-8ccbc314db44\\lesson_1\\script_l1_v1.txt"
        },
        {
          "title": "The Benefits of Laughter on Mental Health",
          "script_file": "C:\\Users\\Imran A\\Documents\\coursia-final-mvp-design-1\\generated\\4e4dc75b-2d84-489d-ae4d-8ccbc314db44\\lesson_1\\script_l1_v2.txt"
        }
      ],
      "quiz_file": "C:\\Users\\Imran A\\Documents\\coursia-final-mvp-design-1\\generated\\4e4dc75b-2d84-489d-ae4d-8ccbc314db44\\lesson_1\\quiz.json",
      "workbook_file": "C:\\Users\\Imran A\\Documents\\coursia-final-mvp-design-1\\generated\\4e4dc75b-2d84-489d-ae4d-8ccbc314db44\\lesson_1\\workbook.txt"
    },
    {
      "lesson_title": "Finding Humor in Everyday Life",
      "videos": [
        {
          "title": "Everyday Situations That Spark Laughter",
          "script_file": "C:\\Users\\Imran A\\Documents\\coursia-final-mvp-design-1\\generated\\4e4dc75b-2d84-489d-ae4d-8ccbc314db44\\lesson_2\\script_l2_v1.txt"
        },
        {
          "title": "How to Cultivate a Humorous Perspective",
          "script_file": "C:\\Users\\Imran A\\Documents\\coursia-final-mvp-design-1\\generated\\4e4dc75b-2d84-489d-ae4d-8ccbc314db44\\lesson_2\\script_l2_v2.txt"
        }
      ],
      "quiz_file": "C:\\Users\\Imran A\\Documents\\coursia-final-mvp-design-1\\generated\\4e4dc75b-2d84-489d-ae4d-8ccbc314db44\\lesson_2\\quiz.json",
      "workbook_file": "C:\\Users\\Imran A\\Documents\\coursia-final-mvp-design-1\\generated\\4e4dc75b-2d84-489d-ae4d-8ccbc314db44\\lesson_2\\workbook.txt"
    },
    {
      "lesson_title": "Using Laughter to Build Connections",
      "videos": [
        {
          "title": "Laughter as a Social Tool",
          "script_file": "C:\\Users\\Imran A\\Documents\\coursia-final-mvp-design-1\\generated\\4e4dc75b-2d84-489d-ae4d-8ccbc314db44\\lesson_3\\script_l3_v1.txt"
        },
        {
          "title": "Creating Bonds Through Shared Humor",
          "script_file": "C:\\Users\\Imran A\\Documents\\coursia-final-mvp-design-1\\generated\\4e4dc75b-2d84-489d-ae4d-8ccbc314db44\\lesson_3\\script_l3_v2.txt"
        }
      ],
      "quiz_file": "C:\\Users\\Imran A\\Documents\\coursia-final-mvp-design-1\\generated\\4e4dc75b-2d84-489d-ae4d-8ccbc314db44\\lesson_3\\quiz.json",
      "workbook_file": "C:\\Users\\Imran A\\Documents\\coursia-final-mvp-design-1\\generated\\4e4dc75b-2d84-489d-ae4d-8ccbc314db44\\lesson_3\\workbook.txt"
    },
    {
      "lesson_title": "Crafting Your Own Humor",
      "videos": [
        {
          "title": "Techniques for Writing Jokes",
          "script_file": "C:\\Users\\Imran A\\Documents\\coursia-final-mvp-design-1\\generated\\4e4dc75b-2d84-489d-ae4d-8ccbc314db44\\lesson_4\\script_l4_v1.txt"
        },
        {
          "title": "Improvisation: Thinking on Your Feet",
          "script_file": "C:\\Users\\Imran A\\Documents\\coursia-final-mvp-design-1\\generated\\4e4dc75b-2d84-489d-ae4d-8ccbc314db44\\lesson_4\\script_l4_v2.txt"
        }
      ],
      "quiz_file": "C:\\Users\\Imran A\\Documents\\coursia-final-mvp-design-1\\generated\\4e4dc75b-2d84-489d-ae4d-8ccbc314db44\\lesson_4\\quiz.json",
      "workbook_file": "C:\\Users\\Imran A\\Documents\\coursia-final-mvp-design-1\\generated\\4e4dc75b-2d84-489d-ae4d-8ccbc314db44\\lesson_4\\workbook.txt"
    }
  ]
}