{
  "course_title": "Unlocking Your First Million: A Roadmap for Aspiring Entrepreneurs",
  "course_description": "Transform your entrepreneurial dreams into reality with actionable insights and strategies to earn your first million.",
  "lessons": [
    {
      "lesson_title": "Finding Your Niche: The Key to Success",
      "videos": [
        {
          "title": "Identifying Market Gaps",
          "script_file": "C:\\Users\\Imran A\\Documents\\coursia-final-mvp-design-1\\generated\\786a412f-e69d-4594-99d8-60eff586844e\\lesson_1\\script_l1_v1.txt",
          "script_content": "Welcome to 'Finding Your Niche: The Key to Success'. In this video, we will explore how to identify market gaps. Start by assessing your interests and skills. What do you love doing? Next, conduct market research. Look for areas where demand exceeds supply. Use tools like Google Trends or social media to find trending topics. Analyze your competitors. What are they missing? Finally, validate your niche idea by surveying potential customers or testing a minimum viable product. Remember, a successful niche combines your passion with market needs."
        },
        {
          "title": "Leveraging Your Passion for Profit",
          "script_file": "C:\\Users\\Imran A\\Documents\\coursia-final-mvp-design-1\\generated\\786a412f-e69d-4594-99d8-60eff586844e\\lesson_1\\script_l1_v2.txt",
          "script_content": "In this video, we will discuss leveraging your passion for profit. First, identify your passions. What activities make you lose track of time? Next, think about how these passions can solve problems for others. Create a list of potential products or services based on your interests. Test your ideas in small markets or online platforms. Get feedback and refine your offerings. Finally, build a brand around your passion. Share your journey and connect with your audience authentically. This will help you build trust and loyalty, turning your passion into a sustainable business."
        }
      ],
      "quiz_file": "C:\\Users\\Imran A\\Documents\\coursia-final-mvp-design-1\\generated\\786a412f-e69d-4594-99d8-60eff586844e\\lesson_1\\quiz.json",
      "workbook_file": "C:\\Users\\Imran A\\Documents\\coursia-final-mvp-design-1\\generated\\786a412f-e69d-4594-99d8-60eff586844e\\lesson_1\\workbook.txt"
    },
    {
      "lesson_title": "Crafting a Winning Business Plan",
      "videos": [
        {
          "title": "Blueprint for Success: Essential Elements",
          "script_file": "C:\\Users\\Imran A\\Documents\\coursia-final-mvp-design-1\\generated\\786a412f-e69d-4594-99d8-60eff586844e\\lesson_2\\script_l2_v1.txt",
          "script_content": "Welcome to 'Crafting a Winning Business Plan.' In this video, we will explore the essential elements of a business plan that can lead you to success. First, let’s discuss the executive summary. This is your business's elevator pitch, summarizing what your business does and why it matters. Next, we’ll look at your business description, which details your business structure, mission, and vision. Following that, we’ll cover market analysis, including your target audience and competitive landscape. Then, we’ll dive into your organization and management structure, which outlines your team and their roles. Finally, we’ll talk about your product line or services, detailing what you offer and how it meets the needs of your customers. Remember, a solid business plan is a living document that guides your business decisions. Stay tuned for our next video on setting financial goals and milestones."
        },
        {
          "title": "Setting Financial Goals and Milestones",
          "script_file": "C:\\Users\\Imran A\\Documents\\coursia-final-mvp-design-1\\generated\\786a412f-e69d-4594-99d8-60eff586844e\\lesson_2\\script_l2_v2.txt",
          "script_content": "Welcome back! In this video, we will focus on setting financial goals and milestones for your business plan. Financial goals are crucial as they provide a roadmap for your business. Start by defining short-term and long-term financial goals. For example, a short-term goal might be to achieve a specific revenue target in the first year. A long-term goal could be expanding your product line in five years. Next, let's discuss milestones. These are specific checkpoints that help you measure your progress. Examples include launching your product, reaching a certain number of customers, or securing funding. Make sure your goals are SMART: Specific, Measurable, Achievable, Relevant, and Time-bound. By setting clear goals and milestones, you create a framework for tracking your success and adjusting your strategies as needed. In our next video, we'll wrap things up with tips on how to finalize your business plan."
        }
      ],
      "quiz_file": "C:\\Users\\Imran A\\Documents\\coursia-final-mvp-design-1\\generated\\786a412f-e69d-4594-99d8-60eff586844e\\lesson_2\\quiz.json",
      "workbook_file": "C:\\Users\\Imran A\\Documents\\coursia-final-mvp-design-1\\generated\\786a412f-e69d-4594-99d8-60eff586844e\\lesson_2\\workbook.txt"
    },
    {
      "lesson_title": "Building Your Brand: Standing Out in the Market",
      "videos": [
        {
          "title": "Creating a Memorable Brand Identity",
          "script_file": "C:\\Users\\Imran A\\Documents\\coursia-final-mvp-design-1\\generated\\786a412f-e69d-4594-99d8-60eff586844e\\lesson_3\\script_l3_v1.txt",
          "script_content": "Welcome to 'Creating a Memorable Brand Identity.' In this video, we will explore the key elements that make up a strong brand identity. First, let's discuss the importance of a unique logo. Your logo should be simple, memorable, and reflective of your brand's values. Next, we will talk about color psychology. Different colors evoke different emotions, so choose a color palette that resonates with your target audience. Now, let's move on to typography. The fonts you choose should align with your brand personality. Make sure they are legible and consistent across all platforms. Finally, we will cover the tone of voice in your branding. Whether it's friendly, professional, or quirky, your tone should be consistent in all communications. Remember, a memorable brand identity is not just about visuals; it’s about creating an emotional connection with your audience. Let's get started on building your brand identity! "
        },
        {
          "title": "Effective Marketing Strategies for Startups",
          "script_file": "C:\\Users\\Imran A\\Documents\\coursia-final-mvp-design-1\\generated\\786a412f-e69d-4594-99d8-60eff586844e\\lesson_3\\script_l3_v2.txt",
          "script_content": "Welcome to 'Effective Marketing Strategies for Startups.' In this video, we will delve into strategies that can help your startup stand out in the crowded market. First, let's talk about defining your target audience. Understanding who your customers are will help you tailor your marketing efforts effectively. Next, we’ll explore content marketing. Creating valuable content can position you as an authority in your industry and attract potential customers. Don't forget about social media! Choose the platforms where your audience spends their time and engage with them regularly. Additionally, consider partnerships and collaborations with other brands. This can expand your reach and introduce your brand to new audiences. Lastly, we will discuss the importance of analytics. Track your marketing efforts to understand what works and what doesn’t. By implementing these strategies, you can effectively market your startup and build a strong brand presence."
        }
      ],
      "quiz_file": "C:\\Users\\Imran A\\Documents\\coursia-final-mvp-design-1\\generated\\786a412f-e69d-4594-99d8-60eff586844e\\lesson_3\\quiz.json",
      "workbook_file": "C:\\Users\\Imran A\\Documents\\coursia-final-mvp-design-1\\generated\\786a412f-e69d-4594-99d8-60eff586844e\\lesson_3\\workbook.txt"
    },
    {
      "lesson_title": "Scaling Up: Strategies for Growth",
      "videos": [
        {
          "title": "Identifying Growth Opportunities",
          "script_file": "C:\\Users\\Imran A\\Documents\\coursia-final-mvp-design-1\\generated\\786a412f-e69d-4594-99d8-60eff586844e\\lesson_4\\script_l4_v1.txt",
          "script_content": "Welcome to our lesson on Scaling Up: Strategies for Growth. In this video, we will explore how to identify growth opportunities for your business. First, let's discuss market research. Conducting thorough market research allows you to understand customer needs and behaviors. Use surveys, focus groups, and data analysis to gather insights. Next, consider your competitors. Analyze their strengths and weaknesses to find gaps in the market you can exploit. Additionally, look for trends in your industry. Are there emerging technologies or changing consumer preferences? Finally, don't forget about your existing customers. Upselling and cross-selling can lead to significant growth. Now, let's summarize: conduct market research, analyze competitors, identify industry trends, and leverage existing relationships. With these strategies, you'll be well-equipped to find growth opportunities."
        },
        {
          "title": "Streamlining Operations for Efficiency",
          "script_file": "C:\\Users\\Imran A\\Documents\\coursia-final-mvp-design-1\\generated\\786a412f-e69d-4594-99d8-60eff586844e\\lesson_4\\script_l4_v2.txt",
          "script_content": "In this video, we will focus on streamlining operations for efficiency as a key strategy for scaling up. First, evaluate your current processes. Identify bottlenecks and areas where time and resources are wasted. Next, consider automation. Implementing software tools can reduce manual tasks and increase accuracy. Additionally, look into outsourcing non-core activities. This allows you to focus on your strengths while experts handle other functions. Training your team is also crucial; invest in their development to improve productivity. Lastly, establish clear communication channels to ensure everyone is aligned and informed. To recap, evaluate processes, automate tasks, outsource wisely, invest in training, and maintain clear communication. By streamlining operations, you can set your business up for sustainable growth."
        }
      ],
      "quiz_file": "C:\\Users\\Imran A\\Documents\\coursia-final-mvp-design-1\\generated\\786a412f-e69d-4594-99d8-60eff586844e\\lesson_4\\quiz.json",
      "workbook_file": "C:\\Users\\Imran A\\Documents\\coursia-final-mvp-design-1\\generated\\786a412f-e69d-4594-99d8-60eff586844e\\lesson_4\\workbook.txt"
    }
  ]
}