{
  "course_title": "Strategic Business Growth: Scaling Your Wealth",
  "course_description": "Unlock the secrets to creating a robust business strategy that will help you scale your financial success.",
  "lessons": [
    {
      "lesson_title": "Crafting a Vision for Success",
      "videos": [
        {
          "title": "Defining Your Business Vision",
          "script_file": "C:\\Users\\Imran A\\Documents\\coursia-final-mvp-design-1\\generated\\ada38c7b-900f-4ee1-ae4b-5e9eb898ee97\\lesson_1\\script_l1_v1.txt"
        },
        {
          "title": "Aligning Goals with Vision",
          "script_file": "C:\\Users\\Imran A\\Documents\\coursia-final-mvp-design-1\\generated\\ada38c7b-900f-4ee1-ae4b-5e9eb898ee97\\lesson_1\\script_l1_v2.txt"
        }
      ],
      "quiz_file": "C:\\Users\\Imran A\\Documents\\coursia-final-mvp-design-1\\generated\\ada38c7b-900f-4ee1-ae4b-5e9eb898ee97\\lesson_1\\quiz.json",
      "workbook_file": "C:\\Users\\Imran A\\Documents\\coursia-final-mvp-design-1\\generated\\ada38c7b-900f-4ee1-ae4b-5e9eb898ee97\\lesson_1\\workbook.txt"
    },
    {
      "lesson_title": "Market Analysis: Understanding Your Landscape",
      "videos": [
        {
          "title": "Identifying Market Opportunities",
          "script_file": "C:\\Users\\Imran A\\Documents\\coursia-final-mvp-design-1\\generated\\ada38c7b-900f-4ee1-ae4b-5e9eb898ee97\\lesson_2\\script_l2_v1.txt"
        },
        {
          "title": "Analyzing Competitors Effectively",
          "script_file": "C:\\Users\\Imran A\\Documents\\coursia-final-mvp-design-1\\generated\\ada38c7b-900f-4ee1-ae4b-5e9eb898ee97\\lesson_2\\script_l2_v2.txt"
        }
      ],
      "quiz_file": "C:\\Users\\Imran A\\Documents\\coursia-final-mvp-design-1\\generated\\ada38c7b-900f-4ee1-ae4b-5e9eb898ee97\\lesson_2\\quiz.json",
      "workbook_file": "C:\\Users\\Imran A\\Documents\\coursia-final-mvp-design-1\\generated\\ada38c7b-900f-4ee1-ae4b-5e9eb898ee97\\lesson_2\\workbook.txt"
    },
    {
      "lesson_title": "Building a Unique Value Proposition",
      "videos": [
        {
          "title": "What Makes You Stand Out?",
          "script_file": "C:\\Users\\Imran A\\Documents\\coursia-final-mvp-design-1\\generated\\ada38c7b-900f-4ee1-ae4b-5e9eb898ee97\\lesson_3\\script_l3_v1.txt"
        },
        {
          "title": "Communicating Your Value Clearly",
          "script_file": "C:\\Users\\Imran A\\Documents\\coursia-final-mvp-design-1\\generated\\ada38c7b-900f-4ee1-ae4b-5e9eb898ee97\\lesson_3\\script_l3_v2.txt"
        }
      ],
      "quiz_file": "C:\\Users\\Imran A\\Documents\\coursia-final-mvp-design-1\\generated\\ada38c7b-900f-4ee1-ae4b-5e9eb898ee97\\lesson_3\\quiz.json",
      "workbook_file": "C:\\Users\\Imran A\\Documents\\coursia-final-mvp-design-1\\generated\\ada38c7b-900f-4ee1-ae4b-5e9eb898ee97\\lesson_3\\workbook.txt"
    },
    {
      "lesson_title": "Setting Strategic Objectives",
      "videos": [
        {
          "title": "SMART Goals for Business Growth",
          "script_file": "C:\\Users\\Imran A\\Documents\\coursia-final-mvp-design-1\\generated\\ada38c7b-900f-4ee1-ae4b-5e9eb898ee97\\lesson_4\\script_l4_v1.txt"
        },
        {
          "title": "Prioritizing Your Objectives",
          "script_file": "C:\\Users\\Imran A\\Documents\\coursia-final-mvp-design-1\\generated\\ada38c7b-900f-4ee1-ae4b-5e9eb898ee97\\lesson_4\\script_l4_v2.txt"
        }
      ],
      "quiz_file": "C:\\Users\\Imran A\\Documents\\coursia-final-mvp-design-1\\generated\\ada38c7b-900f-4ee1-ae4b-5e9eb898ee97\\lesson_4\\quiz.json",
      "workbook_file": "C:\\Users\\Imran A\\Documents\\coursia-final-mvp-design-1\\generated\\ada38c7b-900f-4ee1-ae4b-5e9eb898ee97\\lesson_4\\workbook.txt"
    },
    {
      "lesson_title": "Creating a Scalable Business Model",
      "videos": [
        {
          "title": "Understanding Different Business Models",
          "script_file": "C:\\Users\\Imran A\\Documents\\coursia-final-mvp-design-1\\generated\\ada38c7b-900f-4ee1-ae4b-5e9eb898ee97\\lesson_5\\script_l5_v1.txt"
        },
        {
          "title": "Choosing the Right Model for Growth",
          "script_file": "C:\\Users\\Imran A\\Documents\\coursia-final-mvp-design-1\\generated\\ada38c7b-900f-4ee1-ae4b-5e9eb898ee97\\lesson_5\\script_l5_v2.txt"
        }
      ],
      "quiz_file": "C:\\Users\\Imran A\\Documents\\coursia-final-mvp-design-1\\generated\\ada38c7b-900f-4ee1-ae4b-5e9eb898ee97\\lesson_5\\quiz.json",
      "workbook_file": "C:\\Users\\Imran A\\Documents\\coursia-final-mvp-design-1\\generated\\ada38c7b-900f-4ee1-ae4b-5e9eb898ee97\\lesson_5\\workbook.txt"
    },
    {
      "lesson_title": "Financial Planning for Expansion",
      "videos": [
        {
          "title": "Budgeting for Growth",
          "script_file": "C:\\Users\\Imran A\\Documents\\coursia-final-mvp-design-1\\generated\\ada38c7b-900f-4ee1-ae4b-5e9eb898ee97\\lesson_6\\script_l6_v1.txt"
        },
        {
          "title": "Funding Your Business Strategy",
          "script_file": "C:\\Users\\Imran A\\Documents\\coursia-final-mvp-design-1\\generated\\ada38c7b-900f-4ee1-ae4b-5e9eb898ee97\\lesson_6\\script_l6_v2.txt"
        }
      ],
      "quiz_file": "C:\\Users\\Imran A\\Documents\\coursia-final-mvp-design-1\\generated\\ada38c7b-900f-4ee1-ae4b-5e9eb898ee97\\lesson_6\\quiz.json",
      "workbook_file": "C:\\Users\\Imran A\\Documents\\coursia-final-mvp-design-1\\generated\\ada38c7b-900f-4ee1-ae4b-5e9eb898ee97\\lesson_6\\workbook.txt"
    },
    {
      "lesson_title": "Implementing Your Strategy: Action Plans",
      "videos": [
        {
          "title": "Creating Effective Action Plans",
          "script_file": "C:\\Users\\Imran A\\Documents\\coursia-final-mvp-design-1\\generated\\ada38c7b-900f-4ee1-ae4b-5e9eb898ee97\\lesson_7\\script_l7_v1.txt"
        },
        {
          "title": "Monitoring Progress and Adapting",
          "script_file": "C:\\Users\\Imran A\\Documents\\coursia-final-mvp-design-1\\generated\\ada38c7b-900f-4ee1-ae4b-5e9eb898ee97\\lesson_7\\script_l7_v2.txt"
        }
      ],
      "quiz_file": "C:\\Users\\Imran A\\Documents\\coursia-final-mvp-design-1\\generated\\ada38c7b-900f-4ee1-ae4b-5e9eb898ee97\\lesson_7\\quiz.json",
      "workbook_file": "C:\\Users\\Imran A\\Documents\\coursia-final-mvp-design-1\\generated\\ada38c7b-900f-4ee1-ae4b-5e9eb898ee97\\lesson_7\\workbook.txt"
    },
    {
      "lesson_title": "Evaluating Success and Future Planning",
      "videos": [
        {
          "title": "Measuring Business Performance",
          "script_file": "C:\\Users\\Imran A\\Documents\\coursia-final-mvp-design-1\\generated\\ada38c7b-900f-4ee1-ae4b-5e9eb898ee97\\lesson_8\\script_l8_v1.txt"
        },
        {
          "title": "Strategic Adjustments for Sustained Growth",
          "script_file": "C:\\Users\\Imran A\\Documents\\coursia-final-mvp-design-1\\generated\\ada38c7b-900f-4ee1-ae4b-5e9eb898ee97\\lesson_8\\script_l8_v2.txt"
        }
      ],
      "quiz_file": "C:\\Users\\Imran A\\Documents\\coursia-final-mvp-design-1\\generated\\ada38c7b-900f-4ee1-ae4b-5e9eb898ee97\\lesson_8\\quiz.json",
      "workbook_file": "C:\\Users\\Imran A\\Documents\\coursia-final-mvp-design-1\\generated\\ada38c7b-900f-4ee1-ae4b-5e9eb898ee97\\lesson_8\\workbook.txt"
    }
  ]
}