{
  "course_title": "Essential Skills for Effective Communication",
  "course_description": "Enhance your communication skills to express ideas clearly and connect with others effectively.",
  "lessons": [
    {
      "lesson_title": "The Foundations of Clear Communication",
      "videos": [
        {
          "title": "Clarity in Expression",
          "script_file": "C:\\Users\\Imran A\\Documents\\coursia-final-mvp-design-1\\generated\\6fd81e77-be51-4220-9fe5-0d6516f8fe84\\lesson_1\\script_l1_v1.txt",
          "script_content": "Welcome to 'The Foundations of Clear Communication'. In this video, we'll explore the importance of clarity in expression. Clear communication is essential in all aspects of life, from personal relationships to professional interactions. To begin, let's define clarity. Clarity means being easily understood without ambiguity. To achieve clarity, consider the following strategies: First, know your audience. Tailor your message to their level of understanding. Second, use simple language. Avoid jargon and complex terms that might confuse your listeners. Third, structure your message. Start with a clear introduction, followed by the main points, and conclude with a summary. Remember, clarity is not just about what you say but how you say it. Use tone and body language to reinforce your message. Practice these techniques in your daily conversations and see the difference clarity can make. Thank you for watching, and let's move on to the next video."
        },
        {
          "title": "The Art of Conciseness",
          "script_file": "C:\\Users\\Imran A\\Documents\\coursia-final-mvp-design-1\\generated\\6fd81e77-be51-4220-9fe5-0d6516f8fe84\\lesson_1\\script_l1_v2.txt",
          "script_content": "Welcome back to 'The Foundations of Clear Communication'. In this video, we will discuss the art of conciseness. Being concise means conveying your message in as few words as necessary without sacrificing meaning. To practice conciseness, follow these tips: First, eliminate unnecessary words. Review your sentences and remove filler phrases that do not add value. Second, focus on the main idea. Identify the core message you wish to communicate and stick to it. Third, use active voice. This not only shortens sentences but also makes your writing more engaging. For example, instead of saying 'The meeting was conducted by the manager', say 'The manager conducted the meeting.' Lastly, practice summarizing your ideas. Try to convey your message in one sentence before expanding it. By mastering conciseness, you can enhance your communication skills and ensure your audience retains your message. Thank you for joining this lesson, and remember, less is often more in communication."
        }
      ],
      "quiz_file": "C:\\Users\\Imran A\\Documents\\coursia-final-mvp-design-1\\generated\\6fd81e77-be51-4220-9fe5-0d6516f8fe84\\lesson_1\\quiz.json",
      "workbook_file": "C:\\Users\\Imran A\\Documents\\coursia-final-mvp-design-1\\generated\\6fd81e77-be51-4220-9fe5-0d6516f8fe84\\lesson_1\\workbook.txt"
    },
    {
      "lesson_title": "Nonverbal Cues and Their Impact",
      "videos": [
        {
          "title": "Reading Body Language",
          "script_file": "C:\\Users\\Imran A\\Documents\\coursia-final-mvp-design-1\\generated\\6fd81e77-be51-4220-9fe5-0d6516f8fe84\\lesson_2\\script_l2_v1.txt",
          "script_content": "Welcome to 'Reading Body Language'. In this video, we'll explore the subtle cues that our bodies communicate. First, let's discuss posture. An open posture, with arms uncrossed and a straight back, signals confidence and openness. Conversely, crossed arms may indicate defensiveness or discomfort. Next, consider the importance of eye contact. Maintaining eye contact shows engagement, while avoiding it can suggest disinterest or anxiety. Now, let’s look at gestures. Hand movements can emphasize points, but be cautious; excessive movements can be distracting. Lastly, let’s touch on proximity. Understanding personal space is crucial; invading someone’s personal space can create discomfort. As we wrap up, remember that body language varies across cultures, so always be aware of context. Thank you for watching, and practice observing these cues in your daily interactions."
        },
        {
          "title": "The Power of Facial Expressions",
          "script_file": "C:\\Users\\Imran A\\Documents\\coursia-final-mvp-design-1\\generated\\6fd81e77-be51-4220-9fe5-0d6516f8fe84\\lesson_2\\script_l2_v2.txt",
          "script_content": "Welcome to 'The Power of Facial Expressions'. In this video, we will uncover how facial expressions communicate emotions without words. First, let's examine the smile. A genuine smile can convey warmth and approachability, while a forced smile may indicate discomfort. Next, consider the eyes. The eyes can express a range of emotions, from joy to sadness. For example, raised eyebrows can signal surprise, while narrowed eyes may indicate suspicion. Now, let’s discuss the impact of frowns and scowls. These expressions can convey disapproval or confusion, often influencing the atmosphere of a conversation. Remember, facial expressions are often instinctual and can reveal true feelings, even if words say otherwise. As we conclude, practice interpreting facial expressions in your surroundings. Thank you for joining us in exploring the powerful world of nonverbal communication."
        }
      ],
      "quiz_file": "C:\\Users\\Imran A\\Documents\\coursia-final-mvp-design-1\\generated\\6fd81e77-be51-4220-9fe5-0d6516f8fe84\\lesson_2\\quiz.json",
      "workbook_file": "C:\\Users\\Imran A\\Documents\\coursia-final-mvp-design-1\\generated\\6fd81e77-be51-4220-9fe5-0d6516f8fe84\\lesson_2\\workbook.txt"
    },
    {
      "lesson_title": "Navigating Difficult Conversations",
      "videos": [
        {
          "title": "Strategies for Conflict Resolution",
          "script_file": "C:\\Users\\Imran A\\Documents\\coursia-final-mvp-design-1\\generated\\6fd81e77-be51-4220-9fe5-0d6516f8fe84\\lesson_3\\script_l3_v1.txt",
          "script_content": "Welcome to 'Strategies for Conflict Resolution.' In this video, we will explore effective techniques for navigating difficult conversations. First, understand the importance of active listening. This means fully concentrating on what the other person is saying, rather than preparing your response while they speak. Next, use 'I' statements to express your feelings without blaming the other person. For example, say 'I feel frustrated when...' instead of 'You always...'. Additionally, try to find common ground. Identify shared goals to foster collaboration. Lastly, practice empathy by putting yourself in the other person's shoes. Acknowledge their feelings to build rapport. Remember, the goal is not to win the argument but to resolve the conflict positively. Thank you for watching, and let's move on to the next video."
        },
        {
          "title": "Staying Calm Under Pressure",
          "script_file": "C:\\Users\\Imran A\\Documents\\coursia-final-mvp-design-1\\generated\\6fd81e77-be51-4220-9fe5-0d6516f8fe84\\lesson_3\\script_l3_v2.txt",
          "script_content": "Welcome to 'Staying Calm Under Pressure.' In this video, we will discuss strategies to maintain your composure during difficult conversations. First, practice deep breathing techniques. Take a few slow, deep breaths before responding to calm your mind and body. Next, take a moment to pause before speaking. This allows you to gather your thoughts and respond thoughtfully rather than reactively. Additionally, focus on your body language. Maintain an open posture and make eye contact to convey confidence and engagement. If you feel overwhelmed, it's okay to request a short break to collect your thoughts. Finally, remind yourself of the bigger picture. Keep in mind the relationship and the outcome you desire. Thank you for joining us, and remember that staying calm is key to effective communication."
        }
      ],
      "quiz_file": "C:\\Users\\Imran A\\Documents\\coursia-final-mvp-design-1\\generated\\6fd81e77-be51-4220-9fe5-0d6516f8fe84\\lesson_3\\quiz.json",
      "workbook_file": "C:\\Users\\Imran A\\Documents\\coursia-final-mvp-design-1\\generated\\6fd81e77-be51-4220-9fe5-0d6516f8fe84\\lesson_3\\workbook.txt"
    },
    {
      "lesson_title": "The Role of Listening in Communication",
      "videos": [
        {
          "title": "Active Listening Techniques",
          "script_file": "C:\\Users\\Imran A\\Documents\\coursia-final-mvp-design-1\\generated\\6fd81e77-be51-4220-9fe5-0d6516f8fe84\\lesson_4\\script_l4_v1.txt",
          "script_content": "Welcome to our first video on Active Listening Techniques. In this video, we will explore how to enhance your listening skills in communication. Active listening involves not just hearing the words spoken, but also understanding the message behind them. To practice active listening, start by maintaining eye contact with the speaker. This shows that you are engaged and interested. Next, use verbal affirmations like 'I see' or 'Go on' to encourage the speaker. Additionally, summarize what you've heard by saying things like, 'So what you're saying is...' This not only clarifies your understanding but also shows the speaker that their message is valued. Remember, active listening requires patience and practice. Let's move on to our next topic: Listening to Understand, Not Respond."
        },
        {
          "title": "Listening to Understand, Not Respond",
          "script_file": "C:\\Users\\Imran A\\Documents\\coursia-final-mvp-design-1\\generated\\6fd81e77-be51-4220-9fe5-0d6516f8fe84\\lesson_4\\script_l4_v2.txt",
          "script_content": "In our second video, we focus on Listening to Understand, Not Respond. Often in conversations, we are eager to respond rather than fully understand the other person’s point of view. To change this habit, take a moment to pause before replying. This allows you to process what has been said and formulate a response that is thoughtful and relevant. Additionally, ask open-ended questions to dive deeper into the speaker's thoughts. Questions like, 'Can you tell me more about that?' encourage elaboration and demonstrate your genuine interest. Finally, be aware of your body language; nodding and leaning slightly forward can signal that you are engaged. By prioritizing understanding, you not only improve your communication skills but also build stronger relationships."
        }
      ],
      "quiz_file": "C:\\Users\\Imran A\\Documents\\coursia-final-mvp-design-1\\generated\\6fd81e77-be51-4220-9fe5-0d6516f8fe84\\lesson_4\\quiz.json",
      "workbook_file": "C:\\Users\\Imran A\\Documents\\coursia-final-mvp-design-1\\generated\\6fd81e77-be51-4220-9fe5-0d6516f8fe84\\lesson_4\\workbook.txt"
    }
  ]
}