{
  "questions": [
    {
      "question": "What is a key component of SEO?",
      "options": [
        "Social Media Engagement",
        "Keyword Optimization",
        "Email Marketing",
        "Paid Advertising"
      ],
      "answer": "B"
    },
    {
      "question": "Which platform is essential for community building?",
      "options": [
        "Email",
        "Website",
        "Social Media",
        "Print Media"
      ],
      "answer": "C"
    },
    {
      "question": "What should you analyze to improve your digital marketing strategies?",
      "options": [
        "Market Trends",
        "Personal Opinions",
        "Competitor Strategies",
        "Performance Metrics"
      ],
      "answer": "D"
    }
  ]
}