{
  "course_title": "Transforming the Undisciplined: A Journey to Strength and Confidence",
  "course_description": "This course empowers men to break free from unhealthy habits and embrace a disciplined, confident lifestyle, transforming their body and mind into a stronger, healthier self.",
  "lessons": [
    {
      "lesson_title": "Breaking the Chains of Comfort",
      "videos": [
        {
          "title": "Identifying Your Comfort Zones",
          "script_file": "C:\\Users\\Imran A\\Documents\\coursia-final-mvp-design-1\\generated\\b4a2d8a7-c4a9-4601-9ab1-1456b5afc9cc\\lesson_1\\script_l1_v1.txt",
          "script_content": "Welcome to 'Identifying Your Comfort Zones.' In this video, we will explore the areas in your life where you feel most at ease. First, take a moment to think about your daily routines. What activities do you do without hesitation? These are your comfort zones. Next, consider the emotions tied to these activities. Do they bring you joy, or do they keep you stagnant? Write down three areas where you feel comfortable. Now, let's identify the potential barriers that keep you from stepping outside these zones. Reflect on how these barriers have shaped your decisions. As we move forward, remember that recognizing your comfort zones is the first step to breaking free. Stay tuned for our next video on 'The Cost of Convenience.'"
        },
        {
          "title": "The Cost of Convenience",
          "script_file": "C:\\Users\\Imran A\\Documents\\coursia-final-mvp-design-1\\generated\\b4a2d8a7-c4a9-4601-9ab1-1456b5afc9cc\\lesson_1\\script_l1_v2.txt",
          "script_content": "Welcome back! In this segment, 'The Cost of Convenience,' we will discuss the hidden costs associated with staying in our comfort zones. Convenience often feels good in the moment, but it can lead to missed opportunities for growth. Think about a time when you chose convenience over challenge. What did you gain, and what did you lose? These costs can manifest as stagnation in your personal or professional life. Write down one example of how convenience has held you back. Now, consider the long-term effects of these choices. Are you willing to sacrifice your potential for the sake of comfort? Join me in the next video, where we will tackle 'Taking the First Step.'"
        },
        {
          "title": "Taking the First Step",
          "script_file": "C:\\Users\\Imran A\\Documents\\coursia-final-mvp-design-1\\generated\\b4a2d8a7-c4a9-4601-9ab1-1456b5afc9cc\\lesson_1\\script_l1_v3.txt",
          "script_content": "In our final video, 'Taking the First Step,' we will focus on actionable strategies to break out of your comfort zones. Start by setting small, achievable goals that challenge you. For example, if you are used to a sedentary lifestyle, commit to a 10-minute daily walk. Next, seek accountability. Share your goals with a friend or join a community that encourages growth. Remember, the first step is often the hardest, but it is also the most rewarding. Reflect on how taking small steps can lead to significant changes over time. Let's embrace discomfort together and unlock our true potential!"
        }
      ],
      "quiz_file": "C:\\Users\\Imran A\\Documents\\coursia-final-mvp-design-1\\generated\\b4a2d8a7-c4a9-4601-9ab1-1456b5afc9cc\\lesson_1\\quiz.json",
      "workbook_file": "C:\\Users\\Imran A\\Documents\\coursia-final-mvp-design-1\\generated\\b4a2d8a7-c4a9-4601-9ab1-1456b5afc9cc\\lesson_1\\workbook.txt"
    },
    {
      "lesson_title": "Building a Strong Mindset",
      "videos": [
        {
          "title": "The Power of Positive Thinking",
          "script_file": "C:\\Users\\Imran A\\Documents\\coursia-final-mvp-design-1\\generated\\b4a2d8a7-c4a9-4601-9ab1-1456b5afc9cc\\lesson_2\\script_l2_v1.txt",
          "script_content": "Welcome to 'The Power of Positive Thinking.' In this video, we will explore how our thoughts shape our reality. Positive thinking can lead to improved health, increased lifespan, and enhanced performance. Start by identifying negative thoughts in your daily life. Challenge these thoughts by asking yourself: Are they true? What evidence do I have? Replace them with positive affirmations. Remember, practice makes progress. Incorporate gratitude into your daily routine by writing down three things you are thankful for each day. This simple act can shift your mindset significantly. Let's embrace positivity together!"
        },
        {
          "title": "Setting Realistic Goals",
          "script_file": "C:\\Users\\Imran A\\Documents\\coursia-final-mvp-design-1\\generated\\b4a2d8a7-c4a9-4601-9ab1-1456b5afc9cc\\lesson_2\\script_l2_v2.txt",
          "script_content": "Welcome to 'Setting Realistic Goals.' Setting goals gives us direction and purpose. Start by using the SMART criteria: Specific, Measurable, Achievable, Relevant, Time-bound. For example, instead of saying, 'I want to get fit,' say, 'I will exercise for 30 minutes, three times a week for the next month.' Break your goals into smaller, manageable steps. This will help you stay motivated and track your progress. Review your goals regularly and adjust them as necessary to ensure they remain realistic and aligned with your overall vision. Let's get started on setting those goals!"
        },
        {
          "title": "Overcoming Mental Barriers",
          "script_file": "C:\\Users\\Imran A\\Documents\\coursia-final-mvp-design-1\\generated\\b4a2d8a7-c4a9-4601-9ab1-1456b5afc9cc\\lesson_2\\script_l2_v3.txt",
          "script_content": "Welcome to 'Overcoming Mental Barriers.' Mental barriers can hold us back from achieving our potential. Identify the barriers you face—fear of failure, negative self-talk, or procrastination. Write them down. Next, challenge these barriers by reframing your thoughts. Ask yourself, 'What would I tell a friend facing this barrier?' Use visualization techniques to picture yourself overcoming these challenges. Remember, taking small, consistent steps can lead to significant changes over time. Let’s break down those barriers together!"
        }
      ],
      "quiz_file": "C:\\Users\\Imran A\\Documents\\coursia-final-mvp-design-1\\generated\\b4a2d8a7-c4a9-4601-9ab1-1456b5afc9cc\\lesson_2\\quiz.json",
      "workbook_file": "C:\\Users\\Imran A\\Documents\\coursia-final-mvp-design-1\\generated\\b4a2d8a7-c4a9-4601-9ab1-1456b5afc9cc\\lesson_2\\workbook.txt"
    },
    {
      "lesson_title": "Fueling Your Body for Success",
      "videos": [
        {
          "title": "Understanding Nutrition Basics",
          "script_file": "C:\\Users\\Imran A\\Documents\\coursia-final-mvp-design-1\\generated\\b4a2d8a7-c4a9-4601-9ab1-1456b5afc9cc\\lesson_3\\script_l3_v1.txt",
          "script_content": "Welcome to 'Fueling Your Body for Success.' In this video, we will explore the basics of nutrition. First, let's discuss macronutrients: carbohydrates, proteins, and fats. Carbohydrates are your body's main energy source. They should make up 45-65% of your daily intake. Next, proteins are crucial for muscle repair and growth. Aim for 10-35% of your diet to come from proteins. Lastly, healthy fats support cell growth and hormone production. They should account for 20-35% of your daily calories. Remember, balance is key! Now, let's look at micronutrients, like vitamins and minerals, which are essential for overall health. Incorporate a variety of fruits and vegetables to ensure you get all the necessary nutrients. Finally, hydration is vital. Aim for at least 8 cups of water daily. Understanding these basics will help you make informed choices for your health. Let's move on to practical applications in the next video! "
        },
        {
          "title": "Healthy Eating on a Budget",
          "script_file": "C:\\Users\\Imran A\\Documents\\coursia-final-mvp-design-1\\generated\\b4a2d8a7-c4a9-4601-9ab1-1456b5afc9cc\\lesson_3\\script_l3_v2.txt",
          "script_content": "Welcome to 'Healthy Eating on a Budget.' Eating nutritious food doesn't have to break the bank. Start by planning your meals for the week. This helps reduce food waste and saves money. Next, make a shopping list based on your meal plan and stick to it. Look for sales and discounts on healthy items, and consider buying in bulk. Frozen fruits and vegetables are often cheaper and just as nutritious as fresh ones. Don't forget to compare unit prices to get the best deal. Incorporate more plant-based proteins, like beans and lentils, which are generally less expensive than meat. Lastly, try cooking at home more often. It’s healthier and more economical than dining out. With these tips, you can fuel your body without overspending. Let’s dive into meal prep in the next video! "
        },
        {
          "title": "Meal Prep Made Easy",
          "script_file": "C:\\Users\\Imran A\\Documents\\coursia-final-mvp-design-1\\generated\\b4a2d8a7-c4a9-4601-9ab1-1456b5afc9cc\\lesson_3\\script_l3_v3.txt",
          "script_content": "Welcome to 'Meal Prep Made Easy.' Meal prepping is a great way to save time and ensure you have healthy meals ready to go. Start by choosing one day a week to prep your meals. Gather your ingredients and decide on a few recipes that you can batch cook. Cook grains like rice or quinoa in large quantities, and roast a variety of vegetables. Portion everything into containers for easy access during the week. Don't forget to include protein sources like chicken, tofu, or chickpeas. Label your containers with dates to keep track of freshness. Finally, keep it simple! You don't need to prepare every meal; even prepping lunches or snacks can make a big difference. With these meal prep strategies, you'll be set up for success in your nutrition journey!"
        }
      ],
      "quiz_file": "C:\\Users\\Imran A\\Documents\\coursia-final-mvp-design-1\\generated\\b4a2d8a7-c4a9-4601-9ab1-1456b5afc9cc\\lesson_3\\quiz.json",
      "workbook_file": "C:\\Users\\Imran A\\Documents\\coursia-final-mvp-design-1\\generated\\b4a2d8a7-c4a9-4601-9ab1-1456b5afc9cc\\lesson_3\\workbook.txt"
    },
    {
      "lesson_title": "Creating a Sustainable Fitness Routine",
      "videos": [
        {
          "title": "Finding Activities You Love",
          "script_file": "C:\\Users\\Imran A\\Documents\\coursia-final-mvp-design-1\\generated\\b4a2d8a7-c4a9-4601-9ab1-1456b5afc9cc\\lesson_4\\script_l4_v1.txt",
          "script_content": "Welcome to our first video in the lesson 'Creating a Sustainable Fitness Routine.' Today, we're focusing on finding activities you love. Start by reflecting on what you enjoyed doing as a child—was it running, dancing, or playing sports? Make a list of those activities. Next, explore new options! Try a class or a sport you've never done before. Use online resources like YouTube to find beginner workouts. Remember, the key is enjoyment. If you love what you're doing, you'll be more likely to stick with it. Take some time this week to try at least two new activities and see how they make you feel. Keep your mind open and have fun!"
        },
        {
          "title": "Building Consistency in Workouts",
          "script_file": "C:\\Users\\Imran A\\Documents\\coursia-final-mvp-design-1\\generated\\b4a2d8a7-c4a9-4601-9ab1-1456b5afc9cc\\lesson_4\\script_l4_v2.txt",
          "script_content": "Welcome back! In this video, we’ll discuss building consistency in your workouts. Consistency is crucial for a sustainable fitness routine. Start by setting a realistic schedule that fits your lifestyle. Choose specific days and times for your workouts, and treat them as important appointments. Use reminders on your phone or calendar to keep you accountable. Another helpful tip is to find a workout buddy—having someone to exercise with can increase motivation. Lastly, don’t forget to celebrate your small victories, whether it’s completing a week of workouts or lifting heavier weights. Consistency is about progress, not perfection. Let’s get moving!"
        },
        {
          "title": "Tracking Progress Effectively",
          "script_file": "C:\\Users\\Imran A\\Documents\\coursia-final-mvp-design-1\\generated\\b4a2d8a7-c4a9-4601-9ab1-1456b5afc9cc\\lesson_4\\script_l4_v3.txt",
          "script_content": "In our final video, we’ll cover tracking progress effectively. Tracking your progress helps you stay motivated and see how far you’ve come. Start by setting clear, achievable goals, whether it’s improving endurance, strength, or flexibility. Use a journal or fitness app to log your workouts, noting the exercises, duration, and how you felt. Consider taking progress photos or measurements to visually track changes over time. Regularly review your progress and adjust your goals as needed. Remember, it’s not just about numbers; it’s about how you feel and the joy of movement. Keep pushing forward!"
        }
      ],
      "quiz_file": "C:\\Users\\Imran A\\Documents\\coursia-final-mvp-design-1\\generated\\b4a2d8a7-c4a9-4601-9ab1-1456b5afc9cc\\lesson_4\\quiz.json",
      "workbook_file": "C:\\Users\\Imran A\\Documents\\coursia-final-mvp-design-1\\generated\\b4a2d8a7-c4a9-4601-9ab1-1456b5afc9cc\\lesson_4\\workbook.txt"
    }
  ]
}