{
  "course_title": "Securing Your Spot at YCombinator: A Startup's Guide",
  "course_description": "Unlock the secrets to crafting a compelling application and securing funding from YCombinator with practical strategies and insider knowledge.",
  "lessons": [
    {
      "lesson_title": "Crafting the Perfect Pitch",
      "videos": [
        {
          "title": "The Art of Storytelling for Startups",
          "script_file": "C:\\Users\\Imran A\\Documents\\coursia-final-mvp-design-1\\generated\\1440057c-69a5-4b8b-9d79-b8e8d69ea7ac\\lesson_1\\script_l1_v1.txt",
          "script_content": "Welcome to 'The Art of Storytelling for Startups.' In this video, we'll explore how storytelling can elevate your pitch. First, understand your audience. Who are they? What do they care about? Now, let's dive into the structure of a compelling story. Start with a hook – something that grabs attention. Then, present a conflict or challenge that your startup addresses. Follow this with a resolution – how your product or service solves the problem. Use relatable characters and emotional triggers to connect with your audience. Remember, a story should have a clear beginning, middle, and end. As we wrap up, practice telling your story out loud, focusing on clarity and engagement. Stories are memorable, so make yours count! Stay tuned for our next video on the key elements of a winning pitch."
        },
        {
          "title": "Key Elements of a Winning Pitch",
          "script_file": "C:\\Users\\Imran A\\Documents\\coursia-final-mvp-design-1\\generated\\1440057c-69a5-4b8b-9d79-b8e8d69ea7ac\\lesson_1\\script_l1_v2.txt",
          "script_content": "Welcome back! In this video, we’ll discuss the Key Elements of a Winning Pitch. First, start with a strong opening statement that outlines your value proposition. Next, clearly define the problem you are solving. Use data or anecdotes to support your claims. Then, introduce your solution – explain how it works and what makes it unique. It's crucial to address your market opportunity: who your target customers are and how big the market is. Don’t forget to highlight your business model – how will you make money? Lastly, end with a compelling call to action. Remember, practice makes perfect; rehearse your pitch multiple times. Now, go out there and craft your perfect pitch!"
        }
      ],
      "quiz_file": "C:\\Users\\Imran A\\Documents\\coursia-final-mvp-design-1\\generated\\1440057c-69a5-4b8b-9d79-b8e8d69ea7ac\\lesson_1\\quiz.json",
      "workbook_file": "C:\\Users\\Imran A\\Documents\\coursia-final-mvp-design-1\\generated\\1440057c-69a5-4b8b-9d79-b8e8d69ea7ac\\lesson_1\\workbook.txt"
    },
    {
      "lesson_title": "Building a Scalable Business Model",
      "videos": [
        {
          "title": "Understanding Market Fit",
          "script_file": "C:\\Users\\Imran A\\Documents\\coursia-final-mvp-design-1\\generated\\1440057c-69a5-4b8b-9d79-b8e8d69ea7ac\\lesson_2\\script_l2_v1.txt",
          "script_content": "Welcome to 'Building a Scalable Business Model'. In this segment, we will explore the concept of market fit. Market fit is when your product meets the actual needs of your target customers. Start by identifying who your ideal customer is. Conduct surveys or interviews to gather insights about their pain points and desires. Next, create a minimum viable product, or MVP, that addresses these needs. Test your MVP with real users, collect feedback, and iterate on your product. Remember, achieving product-market fit is not a one-time event; it’s an ongoing process. Continuously engage with your customer base and adapt as their needs evolve. This will ensure your business remains relevant and scalable. Let's dive into practical steps for assessing market fit: 1. Define your target audience. 2. Validate your assumptions through research. 3. Develop your MVP. 4. Gather user feedback. 5. Refine your product based on this feedback. By following these steps, you can effectively establish a strong market fit for your business."
        },
        {
          "title": "Revenue Streams That Attract Investors",
          "script_file": "C:\\Users\\Imran A\\Documents\\coursia-final-mvp-design-1\\generated\\1440057c-69a5-4b8b-9d79-b8e8d69ea7ac\\lesson_2\\script_l2_v2.txt",
          "script_content": "In this video, we will discuss revenue streams that attract investors. A scalable business model often includes multiple revenue streams. Start by identifying different ways to monetize your product or service. Consider options like subscription models, one-time purchases, or tiered pricing strategies. Investors are particularly interested in recurring revenue, as it provides predictable cash flow. Analyze your competition to see what revenue models are working for them. Create a revenue projection based on these models, highlighting potential growth. Remember to also consider the scalability of each revenue stream. For instance, digital products can be scaled easily compared to physical goods. To attract investors, clearly articulate your revenue strategy and demonstrate how it aligns with market demand. Key takeaways: 1. Identify diverse revenue streams. 2. Focus on recurring revenue models. 3. Analyze competition for insights. 4. Create realistic revenue projections. 5. Showcase scalability in your revenue strategy. This approach will enhance your business’s attractiveness to investors."
        }
      ],
      "quiz_file": "C:\\Users\\Imran A\\Documents\\coursia-final-mvp-design-1\\generated\\1440057c-69a5-4b8b-9d79-b8e8d69ea7ac\\lesson_2\\quiz.json",
      "workbook_file": "C:\\Users\\Imran A\\Documents\\coursia-final-mvp-design-1\\generated\\1440057c-69a5-4b8b-9d79-b8e8d69ea7ac\\lesson_2\\workbook.txt"
    },
    {
      "lesson_title": "Navigating the Application Process",
      "videos": [
        {
          "title": "Decoding the YCombinator Application",
          "script_file": "C:\\Users\\Imran A\\Documents\\coursia-final-mvp-design-1\\generated\\1440057c-69a5-4b8b-9d79-b8e8d69ea7ac\\lesson_3\\script_l3_v1.txt",
          "script_content": "Welcome to 'Navigating the Application Process.' In this video, we will decode the YCombinator application step-by-step. First, let's start with the basics. The YCombinator application consists of several sections: personal information, team details, and your startup idea. It's crucial to be concise and clear in your responses. Use specific examples to illustrate your points. For instance, when discussing your team, highlight relevant experience and skills that make you uniquely qualified to execute your idea. Next, focus on your startup idea. Clearly articulate the problem you are solving and why your solution is innovative. Remember, YCombinator is looking for founders who are passionate and committed. So, convey your enthusiasm! Lastly, review your application multiple times and seek feedback from trusted mentors. This can significantly increase your chances of success. Good luck, and let's move on to the next video! "
        },
        {
          "title": "Common Pitfalls to Avoid",
          "script_file": "C:\\Users\\Imran A\\Documents\\coursia-final-mvp-design-1\\generated\\1440057c-69a5-4b8b-9d79-b8e8d69ea7ac\\lesson_3\\script_l3_v2.txt",
          "script_content": "Welcome back! In this video, we'll discuss common pitfalls to avoid during the application process. One major pitfall is being vague. Avoid generic statements and instead provide specific metrics or achievements. For example, if you mention growth, include percentages or user numbers. Another common mistake is neglecting the team section. Remember, investors invest in people, not just ideas. Showcase the strengths of your team members. Additionally, do not underestimate the power of storytelling. Failing to tell a compelling narrative can lead to a lack of engagement from the reviewers. Lastly, be mindful of your presentation. Spelling errors and sloppy formatting can give a negative impression. Take your time to ensure everything is polished. Thanks for watching, and now you’re equipped to navigate the application process effectively!"
        }
      ],
      "quiz_file": "C:\\Users\\Imran A\\Documents\\coursia-final-mvp-design-1\\generated\\1440057c-69a5-4b8b-9d79-b8e8d69ea7ac\\lesson_3\\quiz.json",
      "workbook_file": "C:\\Users\\Imran A\\Documents\\coursia-final-mvp-design-1\\generated\\1440057c-69a5-4b8b-9d79-b8e8d69ea7ac\\lesson_3\\workbook.txt"
    },
    {
      "lesson_title": "Mastering Your Interview",
      "videos": [
        {
          "title": "Preparing for Tough Questions",
          "script_file": "C:\\Users\\Imran A\\Documents\\coursia-final-mvp-design-1\\generated\\1440057c-69a5-4b8b-9d79-b8e8d69ea7ac\\lesson_4\\script_l4_v1.txt",
          "script_content": "Welcome to 'Mastering Your Interview: Preparing for Tough Questions.' In this video, we'll cover how to effectively prepare for the toughest interview questions you might face. First, let's identify common tough questions such as 'Tell me about a time you failed' or 'What is your greatest weakness?' Next, we’ll discuss the STAR method: Situation, Task, Action, Result. This method helps you structure your answers clearly. Practice by writing down your own STAR responses for these questions. Remember, the key is honesty and focusing on what you learned from each experience. Finally, rehearse your answers aloud to build confidence. Now, let's move on to the next video where we’ll explore how to showcase your team’s strengths during an interview."
        },
        {
          "title": "Showcasing Your Team's Strengths",
          "script_file": "C:\\Users\\Imran A\\Documents\\coursia-final-mvp-design-1\\generated\\1440057c-69a5-4b8b-9d79-b8e8d69ea7ac\\lesson_4\\script_l4_v2.txt",
          "script_content": "Welcome back! In this segment, 'Showcasing Your Team's Strengths,' we’ll focus on how to highlight the accomplishments of your team during an interview. Start by identifying key projects or achievements your team has accomplished. Use the 'We' instead of 'I' to emphasize teamwork. For example, instead of saying 'I led the project,' say 'Our team successfully led the project by collaborating closely and leveraging each member’s strengths.' Prepare specific examples that demonstrate your team’s skills and contributions. Additionally, be ready to discuss how you fostered a positive team environment. Remember to tie your team’s strengths back to the role you are applying for. This shows your potential employer that you value collaboration and results. Good luck with your interviews!"
        }
      ],
      "quiz_file": "C:\\Users\\Imran A\\Documents\\coursia-final-mvp-design-1\\generated\\1440057c-69a5-4b8b-9d79-b8e8d69ea7ac\\lesson_4\\quiz.json",
      "workbook_file": "C:\\Users\\Imran A\\Documents\\coursia-final-mvp-design-1\\generated\\1440057c-69a5-4b8b-9d79-b8e8d69ea7ac\\lesson_4\\workbook.txt"
    }
  ]
}