{
  "course_title": "The Art of Laughter: Unlocking Humor in Everyday Life",
  "course_description": "Discover how to incorporate humor into your daily interactions, enhancing connections and spreading joy.",
  "lessons": [
    {
      "lesson_title": "Finding Your Unique Sense of Humor",
      "videos": [
        {
          "title": "What Makes You Laugh?",
          "script_file": "C:\\Users\\Imran A\\Documents\\coursia-final-mvp-design-1\\generated\\70a20df9-be62-4165-a8f3-db8e50f6f8d1\\lesson_1\\script_l1_v1.txt"
        },
        {
          "title": "Identifying Your Humor Style",
          "script_file": "C:\\Users\\Imran A\\Documents\\coursia-final-mvp-design-1\\generated\\70a20df9-be62-4165-a8f3-db8e50f6f8d1\\lesson_1\\script_l1_v2.txt"
        }
      ],
      "quiz_file": "C:\\Users\\Imran A\\Documents\\coursia-final-mvp-design-1\\generated\\70a20df9-be62-4165-a8f3-db8e50f6f8d1\\lesson_1\\quiz.json",
      "workbook_file": "C:\\Users\\Imran A\\Documents\\coursia-final-mvp-design-1\\generated\\70a20df9-be62-4165-a8f3-db8e50f6f8d1\\lesson_1\\workbook.txt"
    },
    {
      "lesson_title": "The Science of Laughter: Benefits and Techniques",
      "videos": [
        {
          "title": "How Laughter Impacts Well-being",
          "script_file": "C:\\Users\\Imran A\\Documents\\coursia-final-mvp-design-1\\generated\\70a20df9-be62-4165-a8f3-db8e50f6f8d1\\lesson_2\\script_l2_v1.txt"
        },
        {
          "title": "Techniques to Cultivate Laughter",
          "script_file": "C:\\Users\\Imran A\\Documents\\coursia-final-mvp-design-1\\generated\\70a20df9-be62-4165-a8f3-db8e50f6f8d1\\lesson_2\\script_l2_v2.txt"
        }
      ],
      "quiz_file": "C:\\Users\\Imran A\\Documents\\coursia-final-mvp-design-1\\generated\\70a20df9-be62-4165-a8f3-db8e50f6f8d1\\lesson_2\\quiz.json",
      "workbook_file": "C:\\Users\\Imran A\\Documents\\coursia-final-mvp-design-1\\generated\\70a20df9-be62-4165-a8f3-db8e50f6f8d1\\lesson_2\\workbook.txt"
    },
    {
      "lesson_title": "Crafting Jokes and Stories That Resonate",
      "videos": [
        {
          "title": "The Anatomy of a Good Joke",
          "script_file": "C:\\Users\\Imran A\\Documents\\coursia-final-mvp-design-1\\generated\\70a20df9-be62-4165-a8f3-db8e50f6f8d1\\lesson_3\\script_l3_v1.txt"
        },
        {
          "title": "Storytelling with a Twist",
          "script_file": "C:\\Users\\Imran A\\Documents\\coursia-final-mvp-design-1\\generated\\70a20df9-be62-4165-a8f3-db8e50f6f8d1\\lesson_3\\script_l3_v2.txt"
        }
      ],
      "quiz_file": "C:\\Users\\Imran A\\Documents\\coursia-final-mvp-design-1\\generated\\70a20df9-be62-4165-a8f3-db8e50f6f8d1\\lesson_3\\quiz.json",
      "workbook_file": "C:\\Users\\Imran A\\Documents\\coursia-final-mvp-design-1\\generated\\70a20df9-be62-4165-a8f3-db8e50f6f8d1\\lesson_3\\workbook.txt"
    },
    {
      "lesson_title": "Spreading Joy: Using Humor in Social Settings",
      "videos": [
        {
          "title": "Humor as a Social Tool",
          "script_file": "C:\\Users\\Imran A\\Documents\\coursia-final-mvp-design-1\\generated\\70a20df9-be62-4165-a8f3-db8e50f6f8d1\\lesson_4\\script_l4_v1.txt"
        },
        {
          "title": "Navigating Sensitive Topics with Humor",
          "script_file": "C:\\Users\\Imran A\\Documents\\coursia-final-mvp-design-1\\generated\\70a20df9-be62-4165-a8f3-db8e50f6f8d1\\lesson_4\\script_l4_v2.txt"
        }
      ],
      "quiz_file": "C:\\Users\\Imran A\\Documents\\coursia-final-mvp-design-1\\generated\\70a20df9-be62-4165-a8f3-db8e50f6f8d1\\lesson_4\\quiz.json",
      "workbook_file": "C:\\Users\\Imran A\\Documents\\coursia-final-mvp-design-1\\generated\\70a20df9-be62-4165-a8f3-db8e50f6f8d1\\lesson_4\\workbook.txt"
    }
  ]
}