{
  "course_title": "Building Your First Billion Dollar Unicorn with YC",
  "course_description": "Unlock the secrets to successfully entering Y Combinator and scaling your startup to a billion-dollar valuation.",
  "lessons": [
    {
      "lesson_title": "Understanding the YC Ecosystem",
      "videos": [
        {
          "title": "What is Y Combinator?",
          "script_file": "C:\\Users\\Imran A\\Documents\\coursia-final-mvp-design-1\\generated\\118a81d7-631f-4a4a-a90b-0f61a1a5723c\\lesson_1\\script_l1_v1.txt",
          "script_content": "Welcome to our lesson on the YC Ecosystem. In this video, we will explore what Y Combinator, or YC, is all about. Y Combinator is a startup accelerator that was founded in 2005. It provides seed funding, advice, and connections to startups. YC has a unique model where startups apply to a program that lasts three months, culminating in a Demo Day where they present their ideas to investors. YC has funded over 2,000 startups, including well-known companies like Dropbox, Airbnb, and Reddit. The program focuses on early-stage companies and offers intense mentorship and resources to help founders refine their business models and grow their networks. By the end of this video, you should have a clear understanding of what Y Combinator does and how it supports startups on their journey to success."
        },
        {
          "title": "The Benefits of Joining YC",
          "script_file": "C:\\Users\\Imran A\\Documents\\coursia-final-mvp-design-1\\generated\\118a81d7-631f-4a4a-a90b-0f61a1a5723c\\lesson_1\\script_l1_v2.txt",
          "script_content": "Welcome back! In this video, we will discuss the benefits of joining Y Combinator. One major benefit is access to funding. Startups receive initial capital to help them launch their product or service. Another key advantage is the mentorship from successful entrepreneurs and investors who guide you through the startup process. Additionally, YC provides a strong network of alumni that can help you connect and collaborate with other founders. Joining YC also adds credibility to your startup, making it easier to attract customers and investors. Lastly, the intensive focus on growth during the program helps startups to rapidly iterate and improve their product. By the end of this video, you should understand the key benefits of being part of the YC ecosystem."
        }
      ],
      "quiz_file": "C:\\Users\\Imran A\\Documents\\coursia-final-mvp-design-1\\generated\\118a81d7-631f-4a4a-a90b-0f61a1a5723c\\lesson_1\\quiz.json",
      "workbook_file": "C:\\Users\\Imran A\\Documents\\coursia-final-mvp-design-1\\generated\\118a81d7-631f-4a4a-a90b-0f61a1a5723c\\lesson_1\\workbook.txt"
    },
    {
      "lesson_title": "Crafting Your Compelling Application",
      "videos": [
        {
          "title": "Key Components of a Winning Application",
          "script_file": "C:\\Users\\Imran A\\Documents\\coursia-final-mvp-design-1\\generated\\118a81d7-631f-4a4a-a90b-0f61a1a5723c\\lesson_2\\script_l2_v1.txt",
          "script_content": "Welcome to 'Crafting Your Compelling Application'. In this video, we will explore the key components that make an application stand out. First, let's discuss the importance of a strong personal statement. Your personal statement should clearly articulate your motivations and goals. Next, ensure you highlight relevant experience and skills. Use specific examples to illustrate your achievements. Don't forget to tailor your application to the program you're applying for; research their values and mission. Finally, pay attention to formatting and clarity. A well-organized application is easier to read and leaves a positive impression. Remember, authenticity is key—let your personality shine through! Now, let's move on to the next video, where we will cover common mistakes to avoid when crafting your application."
        },
        {
          "title": "Common Mistakes to Avoid",
          "script_file": "C:\\Users\\Imran A\\Documents\\coursia-final-mvp-design-1\\generated\\118a81d7-631f-4a4a-a90b-0f61a1a5723c\\lesson_2\\script_l2_v2.txt",
          "script_content": "Welcome back! In this video, we will highlight some common mistakes applicants make and how to avoid them. First, avoid generic responses. Tailor your application to reflect your unique experiences and aspirations. Next, don’t overlook proofreading. Spelling and grammatical errors can undermine your credibility. Additionally, ensure you meet all application requirements—double-check submission guidelines. Another common mistake is failing to seek feedback; always have someone review your application before submission. Finally, remember to submit your application on time. Late submissions can lead to automatic disqualification. By avoiding these pitfalls, you can strengthen your application and enhance your chances of success. Thank you for watching, and good luck with your applications!"
        }
      ],
      "quiz_file": "C:\\Users\\Imran A\\Documents\\coursia-final-mvp-design-1\\generated\\118a81d7-631f-4a4a-a90b-0f61a1a5723c\\lesson_2\\quiz.json",
      "workbook_file": "C:\\Users\\Imran A\\Documents\\coursia-final-mvp-design-1\\generated\\118a81d7-631f-4a4a-a90b-0f61a1a5723c\\lesson_2\\workbook.txt"
    },
    {
      "lesson_title": "Pitch Perfect: Mastering Your YC Interview",
      "videos": [
        {
          "title": "The Art of the Pitch",
          "script_file": "C:\\Users\\Imran A\\Documents\\coursia-final-mvp-design-1\\generated\\118a81d7-631f-4a4a-a90b-0f61a1a5723c\\lesson_3\\script_l3_v1.txt",
          "script_content": "Welcome to 'Pitch Perfect: Mastering Your YC Interview.' In this video, we will explore the art of the pitch. First, let's define what makes a pitch compelling. You need to deliver a clear and concise value proposition. Start by introducing yourself and your team. State your mission and vision in one powerful sentence. Next, present the problem you're solving. Use real-world examples to illustrate the pain points. Then, describe your solution. What makes it unique? Highlight your competitive advantage. Don't forget to include market validation. Share any traction you've gained, such as user testimonials or sales figures. Finally, wrap up with a strong closing statement that invites questions. Remember, practice makes perfect. Rehearse your pitch multiple times to build confidence. Now, let's move on to the next video where we will tackle handling tough questions during your interview."
        },
        {
          "title": "Handling Tough Questions",
          "script_file": "C:\\Users\\Imran A\\Documents\\coursia-final-mvp-design-1\\generated\\118a81d7-631f-4a4a-a90b-0f61a1a5723c\\lesson_3\\script_l3_v2.txt",
          "script_content": "Welcome back! In this video, we will discuss handling tough questions during your YC interview. First, anticipate the questions you might face. Common tough questions include inquiries about competition, financial projections, and team dynamics. Prepare your answers in advance. Use the STAR method: Situation, Task, Action, Result. This will help you structure your responses clearly. When faced with a tough question, take a moment to think before answering. It's okay to pause. If you don't know the answer, admit it and offer to follow up later. This shows honesty and integrity. Additionally, practice active listening. Make sure you understand the question fully before responding. Finally, maintain a positive demeanor. Your attitude can influence how your answers are perceived. Practice answering tough questions with a friend or mentor to gain feedback. Now, you're equipped to tackle your YC interview with confidence!"
        }
      ],
      "quiz_file": "C:\\Users\\Imran A\\Documents\\coursia-final-mvp-design-1\\generated\\118a81d7-631f-4a4a-a90b-0f61a1a5723c\\lesson_3\\quiz.json",
      "workbook_file": "C:\\Users\\Imran A\\Documents\\coursia-final-mvp-design-1\\generated\\118a81d7-631f-4a4a-a90b-0f61a1a5723c\\lesson_3\\workbook.txt"
    },
    {
      "lesson_title": "Building a Strong MVP",
      "videos": [
        {
          "title": "Defining Your Minimum Viable Product",
          "script_file": "C:\\Users\\Imran A\\Documents\\coursia-final-mvp-design-1\\generated\\118a81d7-631f-4a4a-a90b-0f61a1a5723c\\lesson_4\\script_l4_v1.txt",
          "script_content": "Welcome to our lesson on Building a Strong MVP. In this video, we will define what a Minimum Viable Product, or MVP, is. An MVP is the simplest version of your product that allows you to validate your business idea with real users. It includes only the core features necessary to meet your target audience's needs. To start, identify your target users and their pain points. Then, outline the essential features that address these pain points. Remember, the goal of an MVP is to gather user feedback quickly and efficiently. Keep it simple and focused. Now, let’s look at some examples of successful MVPs in action. Companies like Dropbox and Airbnb began with basic versions of their services that tested the market before fully developing their products. This approach minimizes risk and maximizes learning. In summary, a strong MVP focuses on core functionalities, targets specific users, and allows for quick iterations based on feedback. Let’s move on to our next topic: User Feedback and Iteration."
        },
        {
          "title": "User Feedback and Iteration",
          "script_file": "C:\\Users\\Imran A\\Documents\\coursia-final-mvp-design-1\\generated\\118a81d7-631f-4a4a-a90b-0f61a1a5723c\\lesson_4\\script_l4_v2.txt",
          "script_content": "In this video, we’ll discuss the importance of user feedback and iteration in building a strong MVP. Once your MVP is launched, it's crucial to collect feedback from your users. Use surveys, interviews, and analytics to understand how users interact with your product. Ask open-ended questions to gather qualitative insights, and use quantitative data to track usage patterns. Analyze this feedback to identify areas for improvement. Iteration is the process of making changes based on the feedback received. Implement these changes incrementally, and continue to test and validate with your users. Remember, the goal is to enhance user experience and meet their needs effectively. By focusing on continuous improvement, you can evolve your MVP into a product that resonates with your audience. In our next video, we will explore case studies of companies that successfully iterated their MVPs based on user feedback."
        }
      ],
      "quiz_file": "C:\\Users\\Imran A\\Documents\\coursia-final-mvp-design-1\\generated\\118a81d7-631f-4a4a-a90b-0f61a1a5723c\\lesson_4\\quiz.json",
      "workbook_file": "C:\\Users\\Imran A\\Documents\\coursia-final-mvp-design-1\\generated\\118a81d7-631f-4a4a-a90b-0f61a1a5723c\\lesson_4\\workbook.txt"
    },
    {
      "lesson_title": "Customer Acquisition Strategies",
      "videos": [
        {
          "title": "Identifying Your Target Market",
          "script_file": "C:\\Users\\Imran A\\Documents\\coursia-final-mvp-design-1\\generated\\118a81d7-631f-4a4a-a90b-0f61a1a5723c\\lesson_5\\script_l5_v1.txt",
          "script_content": "Welcome to the first video on Customer Acquisition Strategies. Today, we're going to dive into identifying your target market. Understanding your audience is crucial for effective customer acquisition. Start by analyzing demographics such as age, gender, location, and income level. Next, consider psychographics—what are their interests, values, and lifestyle choices? Use surveys and social media analytics to gather insights. Once you have a clear profile of your ideal customer, tailor your messaging and marketing efforts to resonate with them. Remember, it's not just about reaching a wide audience, but the right audience. Now, let’s move on to practical steps for identifying your target market. Create a customer persona that includes all the details you've gathered. This will serve as a guide for your marketing strategies moving forward. Thank you for watching, and let's get ready for the next video!"
        },
        {
          "title": "Cost-effective Marketing Tactics",
          "script_file": "C:\\Users\\Imran A\\Documents\\coursia-final-mvp-design-1\\generated\\118a81d7-631f-4a4a-a90b-0f61a1a5723c\\lesson_5\\script_l5_v2.txt",
          "script_content": "Welcome back! In this video, we will explore cost-effective marketing tactics for customer acquisition. First, leverage social media platforms to engage with your target market. Platforms like Facebook, Instagram, and LinkedIn offer targeted advertising that can be affordable and effective. Next, consider content marketing; creating valuable blog posts, videos, or infographics can attract potential customers organically. Email marketing is another cost-effective strategy—build a list and send out regular newsletters with promotions or helpful information. Don’t forget about partnerships or collaborations with other businesses to expand your reach without significant costs. Finally, track your results! Use analytics to measure the effectiveness of your strategies and adjust as necessary. Implement these tactics consistently, and watch your customer base grow. Thank you for joining us in this lesson on customer acquisition strategies!"
        }
      ],
      "quiz_file": "C:\\Users\\Imran A\\Documents\\coursia-final-mvp-design-1\\generated\\118a81d7-631f-4a4a-a90b-0f61a1a5723c\\lesson_5\\quiz.json",
      "workbook_file": "C:\\Users\\Imran A\\Documents\\coursia-final-mvp-design-1\\generated\\118a81d7-631f-4a4a-a90b-0f61a1a5723c\\lesson_5\\workbook.txt"
    },
    {
      "lesson_title": "Scaling Your Operations",
      "videos": [
        {
          "title": "Building a Scalable Team",
          "script_file": "C:\\Users\\Imran A\\Documents\\coursia-final-mvp-design-1\\generated\\118a81d7-631f-4a4a-a90b-0f61a1a5723c\\lesson_6\\script_l6_v1.txt",
          "script_content": "Welcome to 'Building a Scalable Team'. In this video, we will explore the essential components of creating a team that can grow with your business. First, identify key roles that align with your business goals. Next, focus on hiring for cultural fit and adaptability. Consider implementing a training program that prepares your team for future challenges. Remember, a scalable team is one that is empowered, engaged, and equipped with the right tools. Finally, establish clear communication channels to ensure everyone is aligned and informed as the team expands. Let's build a team that can scale effectively!"
        },
        {
          "title": "Setting Up Efficient Processes",
          "script_file": "C:\\Users\\Imran A\\Documents\\coursia-final-mvp-design-1\\generated\\118a81d7-631f-4a4a-a90b-0f61a1a5723c\\lesson_6\\script_l6_v2.txt",
          "script_content": "Welcome to 'Setting Up Efficient Processes'. In this video, we will discuss how to create processes that can easily scale as your business grows. Start by mapping out your current workflows and identifying bottlenecks. Next, automate repetitive tasks using technology to save time and reduce errors. Implement standard operating procedures (SOPs) to ensure consistency across teams. Regularly review and refine your processes to adapt to changing needs. Finally, encourage feedback from your team to continuously improve efficiency. By setting up these efficient processes, you will lay the groundwork for sustainable growth."
        }
      ],
      "quiz_file": "C:\\Users\\Imran A\\Documents\\coursia-final-mvp-design-1\\generated\\118a81d7-631f-4a4a-a90b-0f61a1a5723c\\lesson_6\\quiz.json",
      "workbook_file": "C:\\Users\\Imran A\\Documents\\coursia-final-mvp-design-1\\generated\\118a81d7-631f-4a4a-a90b-0f61a1a5723c\\lesson_6\\workbook.txt"
    },
    {
      "lesson_title": "Fundraising: Beyond YC",
      "videos": [
        {
          "title": "Navigating Investor Relations",
          "script_file": "C:\\Users\\Imran A\\Documents\\coursia-final-mvp-design-1\\generated\\118a81d7-631f-4a4a-a90b-0f61a1a5723c\\lesson_7\\script_l7_v1.txt",
          "script_content": "Welcome to 'Navigating Investor Relations'. In this video, we will explore the essential strategies for building and maintaining strong relationships with investors. First, understand that communication is key. Regular updates about your progress, challenges, and achievements keep investors engaged. Next, tailor your communication style to fit each investor's preferences. Some prefer detailed reports, while others appreciate concise summaries. Third, be transparent. If challenges arise, address them head-on rather than hiding them. This builds trust. Finally, always be prepared for meetings. Have your data and insights ready to discuss potential questions. Remember, investor relations is not just about raising funds; it's about fostering long-term partnerships. Let's move on to the next video."
        },
        {
          "title": "Crafting Your Funding Strategy",
          "script_file": "C:\\Users\\Imran A\\Documents\\coursia-final-mvp-design-1\\generated\\118a81d7-631f-4a4a-a90b-0f61a1a5723c\\lesson_7\\script_l7_v2.txt",
          "script_content": "Welcome to 'Crafting Your Funding Strategy'. In this video, we will discuss how to create an effective funding strategy that goes beyond traditional avenues like Y Combinator. Start by identifying your funding needs. Consider how much capital you need and for what specific purposes. Next, research alternative funding sources, such as angel investors, venture capitalists, crowdfunding platforms, or grants. Each source has its pros and cons, so choose wisely. Develop a compelling pitch tailored to each potential investor, highlighting your unique value proposition. Practice delivering your pitch to ensure confidence and clarity. Lastly, create a timeline for your fundraising efforts, setting clear milestones. This structured approach will help you stay on track and measure your progress. Thank you for watching, and good luck with your funding journey!"
        }
      ],
      "quiz_file": "C:\\Users\\Imran A\\Documents\\coursia-final-mvp-design-1\\generated\\118a81d7-631f-4a4a-a90b-0f61a1a5723c\\lesson_7\\quiz.json",
      "workbook_file": "C:\\Users\\Imran A\\Documents\\coursia-final-mvp-design-1\\generated\\118a81d7-631f-4a4a-a90b-0f61a1a5723c\\lesson_7\\workbook.txt"
    },
    {
      "lesson_title": "Cultivating a Unicorn Mindset",
      "videos": [
        {
          "title": "Resilience and Adaptability",
          "script_file": "C:\\Users\\Imran A\\Documents\\coursia-final-mvp-design-1\\generated\\118a81d7-631f-4a4a-a90b-0f61a1a5723c\\lesson_8\\script_l8_v1.txt",
          "script_content": "Welcome to our first video on cultivating a unicorn mindset, focusing on resilience and adaptability. Today, we’ll explore how these two traits can transform your approach to challenges. Resilience is your ability to bounce back from setbacks. Think of it as a muscle that strengthens through use. Start by identifying a recent setback. Reflect on how you responded and what you learned from it. Now, adaptability is about adjusting your strategies in response to change. Consider a time when you had to pivot your plans. What did you do? How did it feel? Both resilience and adaptability are essential for visionary leaders. They allow you to not only survive but thrive in uncertain environments. As we move forward, remember: every challenge is an opportunity to grow. Let’s dive deeper into practical strategies for building these traits."
        },
        {
          "title": "Visionary Leadership",
          "script_file": "C:\\Users\\Imran A\\Documents\\coursia-final-mvp-design-1\\generated\\118a81d7-631f-4a4a-a90b-0f61a1a5723c\\lesson_8\\script_l8_v2.txt",
          "script_content": "Welcome to our second video on cultivating a unicorn mindset, where we’ll focus on visionary leadership. Visionary leaders inspire and motivate others through their clear vision and ability to adapt. Start by envisioning your ideal future. What does it look like? Write it down. Now, think about the steps you need to take to achieve that vision. A visionary leader also embraces change. Reflect on a recent change in your environment. How did you respond? Did you adapt your vision accordingly? Remember, the best leaders are those who can foresee potential obstacles and pivot their strategies. As you cultivate your unicorn mindset, focus on clarity of vision and adaptability. This mindset will not only benefit you but also inspire those around you."
        }
      ],
      "quiz_file": "C:\\Users\\Imran A\\Documents\\coursia-final-mvp-design-1\\generated\\118a81d7-631f-4a4a-a90b-0f61a1a5723c\\lesson_8\\quiz.json",
      "workbook_file": "C:\\Users\\Imran A\\Documents\\coursia-final-mvp-design-1\\generated\\118a81d7-631f-4a4a-a90b-0f61a1a5723c\\lesson_8\\workbook.txt"
    }
  ]
}