{
  "questions": [
    {
      "question": "What is a key component of an entrepreneurial mindset?",
      "options": [
        "Fear of failure",
        "Growth mindset",
        "Avoiding challenges",
        "Staying in comfort zone"
      ],
      "answer": "B"
    },
    {
      "question": "What should you do to challenge a limiting belief?",
      "options": [
        "Ignore it",
        "Accept it as truth",
        "Find evidence against it",
        "Reinforce it"
      ],
      "answer": "C"
    },
    {
      "question": "What is the first step in overcoming limiting beliefs?",
      "options": [
        "Taking action",
        "Identifying them",
        "Writing them down",
        "Ignoring them"
      ],
      "answer": "B"
    }
  ]
}