{
  "course_title": "Transforming the Undisciplined: A Journey to Strength and Confidence",
  "course_description": "This course empowers men to break free from unhealthy habits and embrace a disciplined, confident lifestyle, transforming their body and mind into a stronger, healthier self.",
  "lessons": [
    {
      "lesson_title": "Breaking the Chains of Comfort",
      "videos": [
        {
          "title": "Identifying Your Comfort Zones",
          "script_file": "C:\\Users\\Imran A\\Documents\\coursia-final-mvp-design-1\\generated\\d5a750de-517d-4343-8565-80997d19d03d\\lesson_1\\script_l1_v1.txt",
          "script_content": "Welcome to 'Identifying Your Comfort Zones.' In this video, we'll explore what comfort zones are and how they can limit your growth. Comfort zones are the mental and emotional spaces where you feel safe and at ease. Start by reflecting on your daily routines. Are there areas in your life where you feel overly comfortable? Consider your job, relationships, and hobbies. Next, write down three specific comfort zones you identify. Once you have your list, think about how these zones may be hindering your personal development. Remember, growth begins at the end of your comfort zone. Let's move forward and challenge ourselves!"
        },
        {
          "title": "The Cost of Convenience",
          "script_file": "C:\\Users\\Imran A\\Documents\\coursia-final-mvp-design-1\\generated\\d5a750de-517d-4343-8565-80997d19d03d\\lesson_1\\script_l1_v2.txt",
          "script_content": "In 'The Cost of Convenience,' we will discuss the hidden price you pay for staying in your comfort zone. Convenience often feels good, but it can lead to stagnation. Reflect on the last time you chose convenience over challenge. What did you miss out on as a result? Write down one recent instance where you opted for what's easy instead of what's beneficial. Now, consider the long-term effects of these choices. Are you sacrificing your potential for the sake of comfort? It's time to weigh the costs and make a conscious decision to step outside your comfort zone."
        },
        {
          "title": "Taking the First Step",
          "script_file": "C:\\Users\\Imran A\\Documents\\coursia-final-mvp-design-1\\generated\\d5a750de-517d-4343-8565-80997d19d03d\\lesson_1\\script_l1_v3.txt",
          "script_content": "Welcome to 'Taking the First Step.' In this concluding video, we will focus on actionable steps to break free from your comfort zones. First, choose one comfort zone you want to challenge. Write it down. Next, brainstorm three small actions you can take to step outside of that zone. These actions should be manageable yet slightly uncomfortable. Commit to taking the first step within the next 24 hours. Remember, every great journey starts with a single step. Embrace the discomfort and watch yourself grow!"
        }
      ],
      "quiz_file": "C:\\Users\\Imran A\\Documents\\coursia-final-mvp-design-1\\generated\\d5a750de-517d-4343-8565-80997d19d03d\\lesson_1\\quiz.json",
      "workbook_file": "C:\\Users\\Imran A\\Documents\\coursia-final-mvp-design-1\\generated\\d5a750de-517d-4343-8565-80997d19d03d\\lesson_1\\workbook.txt"
    },
    {
      "lesson_title": "Building a Strong Mindset",
      "videos": [
        {
          "title": "The Power of Positive Thinking",
          "script_file": "C:\\Users\\Imran A\\Documents\\coursia-final-mvp-design-1\\generated\\d5a750de-517d-4343-8565-80997d19d03d\\lesson_2\\script_l2_v1.txt",
          "script_content": "Welcome to 'The Power of Positive Thinking.' In this lesson, we'll explore how a positive mindset can transform your life. First, let's understand the concept of positive thinking. It's about focusing on the good in every situation, even when challenges arise. Positive thinking can lead to improved health, increased resilience, and greater success. To cultivate this mindset, start each day with an affirmation. For example, say to yourself, 'I am capable and strong.' Additionally, surround yourself with positive influences—friends, books, and media that uplift you. Remember, it's not about ignoring the negative, but rather choosing to focus on solutions and possibilities. Now, let's move on to practical strategies to enhance your positive thinking. Practice gratitude daily by jotting down three things you're thankful for. This simple act can shift your perspective and improve your mental well-being. Finally, challenge negative thoughts when they arise. Ask yourself, 'Is this thought true? What evidence do I have?' By doing so, you'll train your mind to focus on the positive. Thank you for watching, and let's harness the power of positive thinking together."
        },
        {
          "title": "Setting Realistic Goals",
          "script_file": "C:\\Users\\Imran A\\Documents\\coursia-final-mvp-design-1\\generated\\d5a750de-517d-4343-8565-80997d19d03d\\lesson_2\\script_l2_v2.txt",
          "script_content": "Welcome to 'Setting Realistic Goals.' In this lesson, we will learn how to set achievable goals that align with a strong mindset. Goals are essential for providing direction and motivation. Start by defining your long-term vision. What do you want to achieve in the next five years? Once you have that vision, break it down into smaller, actionable steps. Use the SMART criteria: Specific, Measurable, Achievable, Relevant, and Time-bound. For example, instead of saying, 'I want to get fit,' specify 'I will exercise for 30 minutes, five times a week for the next three months.' This clarity will help you stay focused and motivated. After setting your goals, track your progress regularly. This will not only keep you accountable but also allow you to celebrate small victories along the way. Remember, it’s okay to adjust your goals as needed. Life can be unpredictable, and flexibility is key to maintaining a strong mindset. Thank you for joining me in this lesson on setting realistic goals."
        },
        {
          "title": "Overcoming Mental Barriers",
          "script_file": "C:\\Users\\Imran A\\Documents\\coursia-final-mvp-design-1\\generated\\d5a750de-517d-4343-8565-80997d19d03d\\lesson_2\\script_l2_v3.txt",
          "script_content": "Welcome to 'Overcoming Mental Barriers.' In this lesson, we will confront the mental obstacles that hold us back from achieving our full potential. Common barriers include fear of failure, self-doubt, and negative self-talk. The first step to overcoming these barriers is awareness. Identify what specific thoughts or beliefs are limiting you. Write them down and examine their validity. Next, challenge these beliefs. Ask yourself, 'What if I succeed?' or 'What is the worst that can happen?' Often, we find that our fears are exaggerated. Additionally, practice visualization. Imagine yourself succeeding and experiencing the feelings associated with that success. This technique can help reinforce a positive mindset and diminish fear. Surround yourself with a support system—friends, mentors, or coaches who encourage you and help you push through challenges. Lastly, practice self-compassion. Understand that everyone faces setbacks. Treat yourself with kindness and learn from your experiences. Thank you for watching, and let’s work together to break through those mental barriers."
        }
      ],
      "quiz_file": "C:\\Users\\Imran A\\Documents\\coursia-final-mvp-design-1\\generated\\d5a750de-517d-4343-8565-80997d19d03d\\lesson_2\\quiz.json",
      "workbook_file": "C:\\Users\\Imran A\\Documents\\coursia-final-mvp-design-1\\generated\\d5a750de-517d-4343-8565-80997d19d03d\\lesson_2\\workbook.txt"
    },
    {
      "lesson_title": "Fueling Your Body for Success",
      "videos": [
        {
          "title": "Understanding Nutrition Basics",
          "script_file": "C:\\Users\\Imran A\\Documents\\coursia-final-mvp-design-1\\generated\\d5a750de-517d-4343-8565-80997d19d03d\\lesson_3\\script_l3_v1.txt",
          "script_content": "Welcome to 'Fueling Your Body for Success.' In this video, we will explore the basics of nutrition. Nutrition is essential for maintaining energy levels, enhancing cognitive function, and supporting overall health. Let's start with macronutrients: carbohydrates, proteins, and fats. Carbohydrates are your body's primary energy source. Focus on whole grains, fruits, and vegetables. Proteins are crucial for muscle repair and growth. Include lean meats, legumes, and nuts in your diet. Fats are also important; choose healthy fats like avocados and olive oil. Remember, balance is key. Next, let's discuss micronutrients—vitamins and minerals that support various bodily functions. Ensure you're getting a variety of colorful fruits and vegetables to meet your micronutrient needs. Lastly, hydration is vital. Aim for at least 8 glasses of water a day. Understanding these basics will help you make informed choices for your health and success."
        },
        {
          "title": "Healthy Eating on a Budget",
          "script_file": "C:\\Users\\Imran A\\Documents\\coursia-final-mvp-design-1\\generated\\d5a750de-517d-4343-8565-80997d19d03d\\lesson_3\\script_l3_v2.txt",
          "script_content": "In this video, we will tackle healthy eating on a budget. Eating well doesn't have to break the bank. Start by planning your meals for the week. This helps you avoid impulse buys and reduces food waste. Make a shopping list based on your meal plan and stick to it. Look for sales and use coupons to save money. When shopping, focus on whole foods like grains, beans, and seasonal produce, which are often cheaper and healthier. Buy in bulk when you can, as this often lowers the cost per serving. Also, consider preparing meals at home instead of dining out. Cooking in batches and freezing portions can save both time and money. Remember, healthy eating is possible within your budget with a little planning and creativity."
        },
        {
          "title": "Meal Prep Made Easy",
          "script_file": "C:\\Users\\Imran A\\Documents\\coursia-final-mvp-design-1\\generated\\d5a750de-517d-4343-8565-80997d19d03d\\lesson_3\\script_l3_v3.txt",
          "script_content": "Welcome to our final video on meal prep made easy. Meal prepping is a fantastic way to ensure you have healthy meals ready to go, saving you time and stress. Start by choosing a day of the week to prep your meals—Sunday is popular. Begin with a few staple recipes that you enjoy. Cook in batches, focusing on grains, proteins, and vegetables. Use containers to portion out meals for the week. Label them with dates and contents for easy access. Don't forget to include snacks! Incorporate fruits, nuts, or yogurt to keep you satisfied. Lastly, keep it diverse; change up your recipes weekly to avoid monotony. Meal prepping is a powerful tool to keep you on track with your nutrition goals and fuel your body for success."
        }
      ],
      "quiz_file": "C:\\Users\\Imran A\\Documents\\coursia-final-mvp-design-1\\generated\\d5a750de-517d-4343-8565-80997d19d03d\\lesson_3\\quiz.json",
      "workbook_file": "C:\\Users\\Imran A\\Documents\\coursia-final-mvp-design-1\\generated\\d5a750de-517d-4343-8565-80997d19d03d\\lesson_3\\workbook.txt"
    },
    {
      "lesson_title": "Creating a Sustainable Fitness Routine",
      "videos": [
        {
          "title": "Finding Activities You Love",
          "script_file": "C:\\Users\\Imran A\\Documents\\coursia-final-mvp-design-1\\generated\\d5a750de-517d-4343-8565-80997d19d03d\\lesson_4\\script_l4_v1.txt",
          "script_content": "Welcome to 'Finding Activities You Love.' In this video, we will explore how to discover fitness activities that you genuinely enjoy. Start by reflecting on your past experiences with physical activities. Think about what you loved as a child—were you dancing, swimming, or playing sports? Next, try out different classes or activities, such as yoga, kickboxing, or hiking. Use a trial-and-error approach; attend a few sessions and pay attention to how they make you feel. Remember, the goal is to find joy in movement. Keep an open mind and be willing to step out of your comfort zone. Make a list of three activities you want to try this week, and commit to attending at least one session for each. Let's get moving towards finding your passion for fitness!"
        },
        {
          "title": "Building Consistency in Workouts",
          "script_file": "C:\\Users\\Imran A\\Documents\\coursia-final-mvp-design-1\\generated\\d5a750de-517d-4343-8565-80997d19d03d\\lesson_4\\script_l4_v2.txt",
          "script_content": "Welcome back to 'Building Consistency in Workouts.' Consistency is key to a sustainable fitness routine. Start by setting realistic goals—consider how many days a week you can realistically commit to working out. Create a schedule and treat these workout times as unmissable appointments. Use reminders on your phone or calendar to stay accountable. Also, find a workout buddy to encourage each other and share progress. Remember, it's okay to miss a day; just get back on track as soon as possible. As you build your routine, reflect on what times of day you feel most energetic and motivated to work out. Aim for at least three consistent days of exercise this week. Let’s make fitness a regular part of your life!"
        },
        {
          "title": "Tracking Progress Effectively",
          "script_file": "C:\\Users\\Imran A\\Documents\\coursia-final-mvp-design-1\\generated\\d5a750de-517d-4343-8565-80997d19d03d\\lesson_4\\script_l4_v3.txt",
          "script_content": "Welcome to 'Tracking Progress Effectively.' Tracking your progress is crucial to staying motivated and making adjustments to your routine. Start by choosing a method that works for you—this could be a fitness app, a journal, or even a simple spreadsheet. Record your workouts, how you felt afterward, and any changes in your body or energy levels. Set achievable milestones and celebrate when you reach them, whether it's completing a certain number of workouts or increasing your weights. Regularly review your progress to see what's working and what might need adjustment. This week, make a commitment to track your workouts and reflect on how you feel afterward. Let’s keep moving forward together!"
        }
      ],
      "quiz_file": "C:\\Users\\Imran A\\Documents\\coursia-final-mvp-design-1\\generated\\d5a750de-517d-4343-8565-80997d19d03d\\lesson_4\\quiz.json",
      "workbook_file": "C:\\Users\\Imran A\\Documents\\coursia-final-mvp-design-1\\generated\\d5a750de-517d-4343-8565-80997d19d03d\\lesson_4\\workbook.txt"
    }
  ]
}