{
  "course_title": "Scaling Your Freelance Business to Seven Figures",
  "course_description": "Unlock the strategies and tools to grow your freelance work into a million-dollar business through effective marketing, client management, and financial practices.",
  "lessons": [
    {
      "lesson_title": "Crafting Your Unique Value Proposition",
      "videos": [
        {
          "title": "Identifying Your Niche",
          "script_file": "C:\\Users\\Imran A\\Documents\\coursia-final-mvp-design-1\\generated\\ffadde23-bb19-4f6a-b1c9-7973ba445ebc\\lesson_1\\script_l1_v1.txt"
        },
        {
          "title": "Communicating Your Value Effectively",
          "script_file": "C:\\Users\\Imran A\\Documents\\coursia-final-mvp-design-1\\generated\\ffadde23-bb19-4f6a-b1c9-7973ba445ebc\\lesson_1\\script_l1_v2.txt"
        }
      ],
      "quiz_file": "C:\\Users\\Imran A\\Documents\\coursia-final-mvp-design-1\\generated\\ffadde23-bb19-4f6a-b1c9-7973ba445ebc\\lesson_1\\quiz.json",
      "workbook_file": "C:\\Users\\Imran A\\Documents\\coursia-final-mvp-design-1\\generated\\ffadde23-bb19-4f6a-b1c9-7973ba445ebc\\lesson_1\\workbook.txt"
    },
    {
      "lesson_title": "Building a Powerful Online Presence",
      "videos": [
        {
          "title": "Creating a Standout Portfolio",
          "script_file": "C:\\Users\\Imran A\\Documents\\coursia-final-mvp-design-1\\generated\\ffadde23-bb19-4f6a-b1c9-7973ba445ebc\\lesson_2\\script_l2_v1.txt"
        },
        {
          "title": "Leveraging Social Media for Growth",
          "script_file": "C:\\Users\\Imran A\\Documents\\coursia-final-mvp-design-1\\generated\\ffadde23-bb19-4f6a-b1c9-7973ba445ebc\\lesson_2\\script_l2_v2.txt"
        }
      ],
      "quiz_file": "C:\\Users\\Imran A\\Documents\\coursia-final-mvp-design-1\\generated\\ffadde23-bb19-4f6a-b1c9-7973ba445ebc\\lesson_2\\quiz.json",
      "workbook_file": "C:\\Users\\Imran A\\Documents\\coursia-final-mvp-design-1\\generated\\ffadde23-bb19-4f6a-b1c9-7973ba445ebc\\lesson_2\\workbook.txt"
    },
    {
      "lesson_title": "Mastering Client Acquisition and Retention",
      "videos": [
        {
          "title": "Effective Networking Strategies",
          "script_file": "C:\\Users\\Imran A\\Documents\\coursia-final-mvp-design-1\\generated\\ffadde23-bb19-4f6a-b1c9-7973ba445ebc\\lesson_3\\script_l3_v1.txt"
        },
        {
          "title": "Turning Clients into Long-Term Partners",
          "script_file": "C:\\Users\\Imran A\\Documents\\coursia-final-mvp-design-1\\generated\\ffadde23-bb19-4f6a-b1c9-7973ba445ebc\\lesson_3\\script_l3_v2.txt"
        }
      ],
      "quiz_file": "C:\\Users\\Imran A\\Documents\\coursia-final-mvp-design-1\\generated\\ffadde23-bb19-4f6a-b1c9-7973ba445ebc\\lesson_3\\quiz.json",
      "workbook_file": "C:\\Users\\Imran A\\Documents\\coursia-final-mvp-design-1\\generated\\ffadde23-bb19-4f6a-b1c9-7973ba445ebc\\lesson_3\\workbook.txt"
    },
    {
      "lesson_title": "Financial Strategies for Growth",
      "videos": [
        {
          "title": "Setting Your Rates for Success",
          "script_file": "C:\\Users\\Imran A\\Documents\\coursia-final-mvp-design-1\\generated\\ffadde23-bb19-4f6a-b1c9-7973ba445ebc\\lesson_4\\script_l4_v1.txt"
        },
        {
          "title": "Budgeting and Investing in Your Business",
          "script_file": "C:\\Users\\Imran A\\Documents\\coursia-final-mvp-design-1\\generated\\ffadde23-bb19-4f6a-b1c9-7973ba445ebc\\lesson_4\\script_l4_v2.txt"
        }
      ],
      "quiz_file": "C:\\Users\\Imran A\\Documents\\coursia-final-mvp-design-1\\generated\\ffadde23-bb19-4f6a-b1c9-7973ba445ebc\\lesson_4\\quiz.json",
      "workbook_file": "C:\\Users\\Imran A\\Documents\\coursia-final-mvp-design-1\\generated\\ffadde23-bb19-4f6a-b1c9-7973ba445ebc\\lesson_4\\workbook.txt"
    }
  ]
}