{
  "course_title": "Scaling Your Business to Multimillionaire Success",
  "course_description": "Unlock the secrets to scaling your business effectively and achieving multimillionaire status with proven strategies and actionable insights.",
  "lessons": [
    {
      "lesson_title": "Crafting a Scalable Business Model",
      "videos": [
        {
          "title": "Understanding Scalable Models",
          "script_file": "C:\\Users\\Imran A\\Documents\\coursia-final-mvp-design-1\\generated\\9368c3a8-dcdc-46d8-8199-3a152bae7b89\\lesson_1\\script_l1_v1.txt",
          "script_content": "Welcome to the first video on crafting a scalable business model. In this video, we will explore what a scalable business model is and why it is crucial for growth. A scalable business model allows a company to increase revenue without a corresponding increase in costs. This means that as demand for your product or service grows, your business can expand without losing profitability. We will discuss various examples of scalable models, such as SaaS, franchises, and digital products. Additionally, we will cover the importance of technology and automation in creating a scalable model. By the end of this video, you will have a clear understanding of the characteristics that define a scalable business model and how to identify if your business has the potential to scale. Let's dive in!"
        },
        {
          "title": "Identifying Key Revenue Streams",
          "script_file": "C:\\Users\\Imran A\\Documents\\coursia-final-mvp-design-1\\generated\\9368c3a8-dcdc-46d8-8199-3a152bae7b89\\lesson_1\\script_l1_v2.txt",
          "script_content": "In this second video, we will focus on identifying key revenue streams for your scalable business model. Revenue streams are the sources from which your business earns money. To build a successful scalable model, you need to diversify your revenue streams. We will discuss different types of revenue models, including subscription-based, transaction-based, and advertising-based revenue. You will learn how to analyze your current revenue streams and identify new opportunities for growth. We will also explore how to prioritize these revenue streams based on market demand and business capabilities. By the end of this video, you will be equipped with the tools to map out and optimize your revenue streams for scalability. Let's get started!"
        }
      ],
      "quiz_file": "C:\\Users\\Imran A\\Documents\\coursia-final-mvp-design-1\\generated\\9368c3a8-dcdc-46d8-8199-3a152bae7b89\\lesson_1\\quiz.json",
      "workbook_file": "C:\\Users\\Imran A\\Documents\\coursia-final-mvp-design-1\\generated\\9368c3a8-dcdc-46d8-8199-3a152bae7b89\\lesson_1\\workbook.txt"
    },
    {
      "lesson_title": "Mastering Marketing for Exponential Growth",
      "videos": [
        {
          "title": "Digital Marketing Strategies That Work",
          "script_file": "C:\\Users\\Imran A\\Documents\\coursia-final-mvp-design-1\\generated\\9368c3a8-dcdc-46d8-8199-3a152bae7b89\\lesson_2\\script_l2_v1.txt",
          "script_content": "Welcome to 'Mastering Marketing for Exponential Growth.' In this video, we will explore digital marketing strategies that are proven to drive results. First, let's discuss the importance of understanding your target audience. Conduct thorough market research to identify their needs and preferences. Next, invest in SEO strategies to improve your online visibility; this includes optimizing your website and creating quality content. Don't forget about email marketing. Craft personalized email campaigns that engage your audience. Lastly, utilize analytics tools to track your performance and adjust your strategies accordingly. By implementing these techniques, you can create a robust digital marketing framework that supports exponential growth."
        },
        {
          "title": "Leveraging Social Media for Sales",
          "script_file": "C:\\Users\\Imran A\\Documents\\coursia-final-mvp-design-1\\generated\\9368c3a8-dcdc-46d8-8199-3a152bae7b89\\lesson_2\\script_l2_v2.txt",
          "script_content": "In this video, we will focus on leveraging social media for sales. Start by selecting the right platforms where your audience is most active. Create engaging content that resonates with them, such as videos, polls, and live Q&A sessions. Utilize paid advertising options to reach a broader audience, targeting specific demographics. Build a community by responding to comments and messages promptly. Collaborate with influencers who align with your brand to enhance your reach. Finally, measure your social media performance through engagement metrics and conversion rates to refine your strategy continually. By effectively leveraging social media, you can significantly boost your sales efforts."
        }
      ],
      "quiz_file": "C:\\Users\\Imran A\\Documents\\coursia-final-mvp-design-1\\generated\\9368c3a8-dcdc-46d8-8199-3a152bae7b89\\lesson_2\\quiz.json",
      "workbook_file": "C:\\Users\\Imran A\\Documents\\coursia-final-mvp-design-1\\generated\\9368c3a8-dcdc-46d8-8199-3a152bae7b89\\lesson_2\\workbook.txt"
    },
    {
      "lesson_title": "Building a High-Performing Team",
      "videos": [
        {
          "title": "Hiring for Growth: Finding the Right Talent",
          "script_file": "C:\\Users\\Imran A\\Documents\\coursia-final-mvp-design-1\\generated\\9368c3a8-dcdc-46d8-8199-3a152bae7b89\\lesson_3\\script_l3_v1.txt",
          "script_content": "Welcome to 'Hiring for Growth: Finding the Right Talent.' In this video, we will explore the critical steps to building a high-performing team through effective hiring practices. Start by defining the skills and attributes necessary for the roles you are hiring for. Consider not only technical skills but also cultural fit. Next, develop a structured interview process that includes behavioral questions to assess candidates' past performance. Utilize assessment tools to evaluate skills objectively. Engage your current team in the hiring process to gain diverse perspectives. Finally, ensure a smooth onboarding experience to set new hires up for success. Remember, hiring the right talent is the foundation of a high-performing team."
        },
        {
          "title": "Fostering a Culture of Innovation",
          "script_file": "C:\\Users\\Imran A\\Documents\\coursia-final-mvp-design-1\\generated\\9368c3a8-dcdc-46d8-8199-3a152bae7b89\\lesson_3\\script_l3_v2.txt",
          "script_content": "In 'Fostering a Culture of Innovation,' we will discuss how to create an environment where high-performing teams can thrive. First, encourage open communication by creating safe spaces for team members to share ideas without fear of criticism. Implement regular brainstorming sessions to cultivate creativity. Recognize and reward innovative thinking to motivate your team. Provide opportunities for professional development to enhance skills and knowledge. Finally, establish a feedback loop where team members can share their thoughts on processes and improvements. By fostering a culture of innovation, you empower your team to reach their full potential and drive success."
        }
      ],
      "quiz_file": "C:\\Users\\Imran A\\Documents\\coursia-final-mvp-design-1\\generated\\9368c3a8-dcdc-46d8-8199-3a152bae7b89\\lesson_3\\quiz.json",
      "workbook_file": "C:\\Users\\Imran A\\Documents\\coursia-final-mvp-design-1\\generated\\9368c3a8-dcdc-46d8-8199-3a152bae7b89\\lesson_3\\workbook.txt"
    },
    {
      "lesson_title": "Financial Strategies for Long-Term Success",
      "videos": [
        {
          "title": "Understanding Cash Flow Management",
          "script_file": "C:\\Users\\Imran A\\Documents\\coursia-final-mvp-design-1\\generated\\9368c3a8-dcdc-46d8-8199-3a152bae7b89\\lesson_4\\script_l4_v1.txt",
          "script_content": "Welcome to our video on Understanding Cash Flow Management. In this lesson, we will explore the importance of cash flow in your financial strategy. First, let's define cash flow: it's the total amount of money being transferred into and out of your business. Effective cash flow management ensures that you have enough liquidity to meet your obligations. Start by tracking your income and expenses meticulously. Use tools like spreadsheets or accounting software to visualize your cash flow. Remember to categorize your expenses into fixed and variable costs. This will help you identify areas where you can cut costs. Lastly, always maintain a cash reserve to prepare for unexpected expenses. By mastering cash flow management, you set a solid foundation for long-term financial success."
        },
        {
          "title": "Investment Strategies for Growth",
          "script_file": "C:\\Users\\Imran A\\Documents\\coursia-final-mvp-design-1\\generated\\9368c3a8-dcdc-46d8-8199-3a152bae7b89\\lesson_4\\script_l4_v2.txt",
          "script_content": "Welcome to our video on Investment Strategies for Growth. In this session, we will discuss how to effectively grow your wealth through smart investments. First, understand your risk tolerance. Are you conservative, moderate, or aggressive? This will guide your investment choices. Diversification is key; don’t put all your eggs in one basket. Consider a mix of stocks, bonds, and real estate to spread risk. Additionally, consistently invest over time, a strategy known as dollar-cost averaging, which can help mitigate market volatility. Finally, regularly review your portfolio to ensure it aligns with your financial goals and adjust as necessary. By applying these investment strategies, you can pave the way for sustainable growth and long-term financial success."
        }
      ],
      "quiz_file": "C:\\Users\\Imran A\\Documents\\coursia-final-mvp-design-1\\generated\\9368c3a8-dcdc-46d8-8199-3a152bae7b89\\lesson_4\\quiz.json",
      "workbook_file": "C:\\Users\\Imran A\\Documents\\coursia-final-mvp-design-1\\generated\\9368c3a8-dcdc-46d8-8199-3a152bae7b89\\lesson_4\\workbook.txt"
    }
  ]
}