{
  "questions": [
    {
      "question": "What is the first drill to practice for a backflip?",
      "options": [
        "Back handspring",
        "Standing jump",
        "Back tuck",
        "Front flip"
      ],
      "answer": "B"
    },
    {
      "question": "Who should you practice spotting with?",
      "options": [
        "A stranger",
        "A trusted partner",
        "A coach",
        "Yourself"
      ],
      "answer": "B"
    },
    {
      "question": "What should you focus on during your jump?",
      "options": [
        "Your arms",
        "Your legs",
        "Your core",
        "All of the above"
      ],
      "answer": "D"
    },
    {
      "question": "What is the primary goal of the drills?",
      "options": [
        "To impress others",
        "To practice safely",
        "To compete",
        "To perform stunts"
      ],
      "answer": "B"
    }
  ]
}