{
  "questions": [
    {
      "question": "What macronutrient should make up the largest portion of your diet?",
      "options": [
        "Carbohydrates",
        "Proteins",
        "Fats",
        "Vitamins"
      ],
      "answer": "A"
    },
    {
      "question": "Which is a cost-effective source of protein?",
      "options": [
        "Chicken",
        "Fish",
        "Beans",
        "Steak"
      ],
      "answer": "C"
    },
    {
      "question": "What is an important step in meal prepping?",
      "options": [
        "Cooking everything fresh daily",
        "Planning meals ahead",
        "Eating out often",
        "Ignoring portion sizes"
      ],
      "answer": "B"
    }
  ]
}